村志代码 Gazetteer Code,村志书名 Gazetteer Title,Category,Division1,Subdivision,Start Year,End Year,Data
1,太平店村志,小学在校生 Elementary School Students,,,1960,1968,250
1,太平店村志,小学在校生 Elementary School Students,,,1969,1970,500
1,太平店村志,小学在校生 Elementary School Students,,,1988,1991,350
1,太平店村志,小学在校生 Elementary School Students,,,1991,1997,350
1,太平店村志,小学在校生 Elementary School Students,,,1997,2003,300
1,太平店村志,小学在校生 Elementary School Students,,,2003,2008,400
1,太平店村志,小学老师 Elementary School Teachers,,,1969,1970,22
1,太平店村志,小学老师 Elementary School Teachers,,,1988,1991,16
1,太平店村志,小学老师 Elementary School Teachers,,,1991,1997,15
1,太平店村志,小学老师 Elementary School Teachers,,,1997,2003,15
1,太平店村志,小学老师 Elementary School Teachers,,,2003,2008,14
4,万秀村志,小学在校生 Elementary School Students,,,1951,1952,80
4,万秀村志,小学在校生 Elementary School Students,,,1952,1953,110
4,万秀村志,小学在校生 Elementary School Students,,,1953,1954,125
4,万秀村志,小学在校生 Elementary School Students,,,1954,1955,148
4,万秀村志,小学在校生 Elementary School Students,,,1955,1956,150
4,万秀村志,小学在校生 Elementary School Students,,,1956,1957,156
4,万秀村志,小学在校生 Elementary School Students,,,1957,1958,199
4,万秀村志,小学在校生 Elementary School Students,,,1958,1959,237
4,万秀村志,小学在校生 Elementary School Students,,,1959,1960,244
4,万秀村志,小学在校生 Elementary School Students,,,1960,1961,246
4,万秀村志,小学在校生 Elementary School Students,,,1961,1962,240
4,万秀村志,小学在校生 Elementary School Students,,,1962,1963,281
4,万秀村志,小学在校生 Elementary School Students,,,1963,1964,286
4,万秀村志,小学在校生 Elementary School Students,,,1964,1965,288
4,万秀村志,小学在校生 Elementary School Students,,,1965,1966,321
4,万秀村志,小学在校生 Elementary School Students,,,1966,1967,323
4,万秀村志,小学在校生 Elementary School Students,,,1967,1968,357
4,万秀村志,小学在校生 Elementary School Students,,,1968,1969,275
4,万秀村志,小学在校生 Elementary School Students,,,1969,1970,310
4,万秀村志,小学在校生 Elementary School Students,,,1970,1971,277
4,万秀村志,小学在校生 Elementary School Students,,,1971,1972,309
4,万秀村志,小学在校生 Elementary School Students,,,1973,1974,311
4,万秀村志,小学在校生 Elementary School Students,,,1974,1975,279
4,万秀村志,小学在校生 Elementary School Students,,,1975,1976,306
4,万秀村志,小学在校生 Elementary School Students,,,1976,1977,315
4,万秀村志,小学在校生 Elementary School Students,,,1977,1978,331
4,万秀村志,小学在校生 Elementary School Students,,,1978,1979,339
4,万秀村志,小学在校生 Elementary School Students,,,1979,1980,374
4,万秀村志,小学在校生 Elementary School Students,,,1980,1981,354
4,万秀村志,小学在校生 Elementary School Students,,,1981,1982,376
4,万秀村志,小学在校生 Elementary School Students,,,1982,1983,379
4,万秀村志,小学在校生 Elementary School Students,,,1983,1984,363
4,万秀村志,小学在校生 Elementary School Students,,,1984,1985,348
4,万秀村志,小学在校生 Elementary School Students,,,1985,1986,336
4,万秀村志,小学在校生 Elementary School Students,,,1986,1987,330
4,万秀村志,小学在校生 Elementary School Students,,,1987,1988,350
4,万秀村志,小学在校生 Elementary School Students,,,1988,1989,361
4,万秀村志,小学在校生 Elementary School Students,,,1989,1990,381
4,万秀村志,小学在校生 Elementary School Students,,,1990,1991,402
4,万秀村志,小学在校生 Elementary School Students,,,1991,1992,495
4,万秀村志,小学在校生 Elementary School Students,,,1992,1993,646
4,万秀村志,小学在校生 Elementary School Students,,,1993,1994,655
4,万秀村志,小学在校生 Elementary School Students,,,1994,1995,741
4,万秀村志,小学在校生 Elementary School Students,,,1995,1996,840
4,万秀村志,小学在校生 Elementary School Students,,,1996,1997,892
4,万秀村志,小学在校生 Elementary School Students,,,1997,1998,962
4,万秀村志,小学在校生 Elementary School Students,,,1998,1999,958
4,万秀村志,小学在校生 Elementary School Students,,,1999,2000,882
4,万秀村志,小学在校生 Elementary School Students,,,2000,2001,879
4,万秀村志,小学在校生 Elementary School Students,,,2001,2002,874
4,万秀村志,小学在校生 Elementary School Students,,,2002,2003,823
4,万秀村志,小学在校生 Elementary School Students,,,2003,2004,759
4,万秀村志,小学在校生 Elementary School Students,,,2004,2005,772
4,万秀村志,小学在校生 Elementary School Students,,,2005,2006,762
4,万秀村志,小学在校生 Elementary School Students,,,2006,2007,812
4,万秀村志,小学在校生 Elementary School Students,,,2007,2008,914
4,万秀村志,小学老师 Elementary School Teachers,,,1952,1953,3
4,万秀村志,小学老师 Elementary School Teachers,,,1953,1954,3
4,万秀村志,小学老师 Elementary School Teachers,,,1954,1955,4
4,万秀村志,小学老师 Elementary School Teachers,,,1955,1956,4
4,万秀村志,小学老师 Elementary School Teachers,,,1956,1957,4
4,万秀村志,小学老师 Elementary School Teachers,,,1957,1958,6
4,万秀村志,小学老师 Elementary School Teachers,,,1958,1959,6
4,万秀村志,小学老师 Elementary School Teachers,,,1959,1960,7
4,万秀村志,小学老师 Elementary School Teachers,,,1960,1961,8
4,万秀村志,小学老师 Elementary School Teachers,,,1961,1962,9
4,万秀村志,小学老师 Elementary School Teachers,,,1962,1963,12
4,万秀村志,小学老师 Elementary School Teachers,,,1963,1964,13
4,万秀村志,小学老师 Elementary School Teachers,,,1964,1965,13
4,万秀村志,小学老师 Elementary School Teachers,,,1965,1966,13
4,万秀村志,小学老师 Elementary School Teachers,,,1966,1967,13
4,万秀村志,小学老师 Elementary School Teachers,,,1967,1968,13
4,万秀村志,小学老师 Elementary School Teachers,,,1968,1969,16
4,万秀村志,小学老师 Elementary School Teachers,,,1969,1970,19
4,万秀村志,小学老师 Elementary School Teachers,,,1970,1971,20
4,万秀村志,小学老师 Elementary School Teachers,,,1971,1972,23
4,万秀村志,小学老师 Elementary School Teachers,,,1972,1973,23
4,万秀村志,小学老师 Elementary School Teachers,,,1973,1974,23
4,万秀村志,小学老师 Elementary School Teachers,,,1974,1975,23
4,万秀村志,小学老师 Elementary School Teachers,,,1975,1976,23
4,万秀村志,小学老师 Elementary School Teachers,,,1976,1977,23
4,万秀村志,小学老师 Elementary School Teachers,,,1977,1978,23
4,万秀村志,小学老师 Elementary School Teachers,,,1978,1979,23
4,万秀村志,小学老师 Elementary School Teachers,,,1979,1980,23
4,万秀村志,小学老师 Elementary School Teachers,,,1980,1981,21
4,万秀村志,小学老师 Elementary School Teachers,,,1981,1982,20
4,万秀村志,小学老师 Elementary School Teachers,,,1982,1983,18
4,万秀村志,小学老师 Elementary School Teachers,,,1983,1984,19
4,万秀村志,小学老师 Elementary School Teachers,,,1984,1985,20
4,万秀村志,小学老师 Elementary School Teachers,,,1985,1986,22
4,万秀村志,小学老师 Elementary School Teachers,,,1986,1987,24
4,万秀村志,小学老师 Elementary School Teachers,,,1987,1988,24
4,万秀村志,小学老师 Elementary School Teachers,,,1988,1989,22
4,万秀村志,小学老师 Elementary School Teachers,,,1989,1990,26
4,万秀村志,小学老师 Elementary School Teachers,,,1990,1991,26
4,万秀村志,小学老师 Elementary School Teachers,,,1991,1992,27
4,万秀村志,小学老师 Elementary School Teachers,,,1992,1993,29
4,万秀村志,小学老师 Elementary School Teachers,,,1993,1994,30
4,万秀村志,小学老师 Elementary School Teachers,,,1994,1995,33
4,万秀村志,小学老师 Elementary School Teachers,,,1995,1996,33
4,万秀村志,小学老师 Elementary School Teachers,,,1998,1999,44
4,万秀村志,小学老师 Elementary School Teachers,,,1999,2000,45
4,万秀村志,小学老师 Elementary School Teachers,,,2000,2001,41
4,万秀村志,小学老师 Elementary School Teachers,,,2001,2002,41
4,万秀村志,小学老师 Elementary School Teachers,,,2002,2003,40
4,万秀村志,小学老师 Elementary School Teachers,,,2003,2004,45
4,万秀村志,小学老师 Elementary School Teachers,,,2004,2005,43
4,万秀村志,小学老师 Elementary School Teachers,,,2005,2006,46
4,万秀村志,小学老师 Elementary School Teachers,,,2006,2007,48
4,万秀村志,小学在校生 Elementary School Students,,,1972,1973,281
4,万秀村志,小学老师 Elementary School Teachers,,,1996,1997,37
4,万秀村志,小学老师 Elementary School Teachers,,,1997,1998,38
8,板板桥村志,小学在校生 Elementary School Students,,,1951,1954,60
8,板板桥村志,小学在校生 Elementary School Students,,,1956,1961,67
8,板板桥村志,小学在校生 Elementary School Students,,,1962,1967,84
8,板板桥村志,小学在校生 Elementary School Students,,,1968,1977,210
8,板板桥村志,小学在校生 Elementary School Students,,,1978,1980,410
8,板板桥村志,小学在校生 Elementary School Students,,,1980,1981,357
8,板板桥村志,小学在校生 Elementary School Students,,,1981,1992,388
8,板板桥村志,小学在校生 Elementary School Students,,,1993,1994,368
8,板板桥村志,小学在校生 Elementary School Students,,,1995,1997,290
8,板板桥村志,小学在校生 Elementary School Students,,,1998,2000,302
8,板板桥村志,小学在校生 Elementary School Students,,,2001,2005,297
8,板板桥村志,小学老师 Elementary School Teachers,,,1951,1954,1
8,板板桥村志,小学老师 Elementary School Teachers,,,1956,1961,1
8,板板桥村志,小学老师 Elementary School Teachers,,,1962,1967,3
8,板板桥村志,小学老师 Elementary School Teachers,,,1968,1977,18
8,板板桥村志,小学老师 Elementary School Teachers,,,1978,1980,18
8,板板桥村志,小学老师 Elementary School Teachers,,,1980,1981,18
8,板板桥村志,小学老师 Elementary School Teachers,,,1981,1992,17
8,板板桥村志,小学老师 Elementary School Teachers,,,1993,1994,19
8,板板桥村志,小学老师 Elementary School Teachers,,,1995,1997,18
8,板板桥村志,小学老师 Elementary School Teachers,,,1998,2000,19
8,板板桥村志,小学老师 Elementary School Teachers,,,2001,2005,18
14,桑耳庄村志,新入学生 - 大学 Initial Student Enrollment - College/University,,,1980,2000,42
17,单家村村志,新入学生 - 大学 Initial Student Enrollment - College/University,,,1977,2010,53
23,凤池村志,新入学生 - 大学 Initial Student Enrollment - College/University,,,1949,2005,71
25,马头村志,新入学生 - 大学 Initial Student Enrollment - College/University,,,1978,2012,78
28,莲塘村志,小学在校生 Elementary School Students,,,1949,1951,25
28,莲塘村志,小学在校生 Elementary School Students,,,1951,1960,30
28,莲塘村志,小学在校生 Elementary School Students,,,1960,1972,130
28,莲塘村志,小学在校生 Elementary School Students,,,1973,1991,438
28,莲塘村志,小学在校生 Elementary School Students,,,1991,2007,530
28,莲塘村志,小学在校生 Elementary School Students,,,2007,2009,100
28,莲塘村志,小学老师 Elementary School Teachers,,,1949,1951,4
28,莲塘村志,小学老师 Elementary School Teachers,,,1951,1960,2
28,莲塘村志,小学老师 Elementary School Teachers,,,1960,1972,6
28,莲塘村志,小学老师 Elementary School Teachers,,,1991,2007,16
28,莲塘村志,小学老师 Elementary School Teachers,,,2007,2009,18
28,莲塘村志,受教育程度 Highest Level of Education,大专以上 College/University or Higher,人数 number of people,1949,1978,12
28,莲塘村志,受教育程度 Highest Level of Education,大专以上 College/University or Higher,人数 number of people,1979,2009,155
31,南凤山村志,新入学生 - 大学 Initial Student Enrollment - College/University,,,1977,2008,120
31,南凤山村志,小学老师 Elementary School Teachers,,,1950,1968,14
31,南凤山村志,小学老师 Elementary School Teachers,,,1969,2001,36
31,南凤山村志,受教育程度 Highest Level of Education,大专以上 College/University or Higher,人数 number of people,1949,2008,121
32,井亭村志,新入学生 - 大学 Initial Student Enrollment - College/University,,,1998,2006,137
34,胡家村志,新入学生 - 大学 Initial Student Enrollment - College/University,,,2000,2008,45
35,洪塘头村志,小学在校生 Elementary School Students,,,1949,1952,60
35,洪塘头村志,小学在校生 Elementary School Students,,,1974,1978,400
35,洪塘头村志,小学在校生 Elementary School Students,,,1997,2003,400
35,洪塘头村志,小学老师 Elementary School Teachers,,,1949,1952,2
35,洪塘头村志,小学老师 Elementary School Teachers,,,1974,1978,23
35,洪塘头村志,受教育程度 Highest Level of Education,大专以上 College/University or Higher,人数 number of people,1977,2008,47
36,周家巷村志,受教育程度 Highest Level of Education,初中 Junior High School,人数 number of people,1949,2008,599
36,周家巷村志,受教育程度 Highest Level of Education,中专高中 High School,人数 number of people,1949,2008,240
36,周家巷村志,受教育程度 Highest Level of Education,大专以上 College/University or Higher,人数 number of people,1949,2008,152
38,梁口村志,新入学生 - 大学 Initial Student Enrollment - College/University,,,1950,2008,58
41,博潭村志,新入学生 - 大学 Initial Student Enrollment - College/University,,,1949,1998,53
42,新桥村志,新入学生 - 大学 Initial Student Enrollment - College/University,,,1990,2004,88
45,定安村志,受教育程度 Highest Level of Education,初中 Junior High School,人数 number of people,1950,1960,40
45,定安村志,受教育程度 Highest Level of Education,初中 Junior High School,人数 number of people,1960,1970,76
45,定安村志,受教育程度 Highest Level of Education,初中 Junior High School,人数 number of people,1970,1980,250
45,定安村志,受教育程度 Highest Level of Education,初中 Junior High School,人数 number of people,1980,1990,335
45,定安村志,受教育程度 Highest Level of Education,初中 Junior High School,人数 number of people,1990,2000,220
45,定安村志,受教育程度 Highest Level of Education,初中 Junior High School,人数 number of people,2000,2004,230
45,定安村志,受教育程度 Highest Level of Education,中专高中 High School,人数 number of people,1950,1960,8
45,定安村志,受教育程度 Highest Level of Education,中专高中 High School,人数 number of people,1960,1970,19
45,定安村志,受教育程度 Highest Level of Education,中专高中 High School,人数 number of people,1970,1980,46
45,定安村志,受教育程度 Highest Level of Education,中专高中 High School,人数 number of people,1980,1990,75
45,定安村志,受教育程度 Highest Level of Education,中专高中 High School,人数 number of people,1990,2000,104
45,定安村志,受教育程度 Highest Level of Education,中专高中 High School,人数 number of people,2000,2004,60
45,定安村志,受教育程度 Highest Level of Education,大专以上 College/University or Higher,人数 number of people,1950,1960,3
45,定安村志,受教育程度 Highest Level of Education,大专以上 College/University or Higher,人数 number of people,1960,1970,5
45,定安村志,受教育程度 Highest Level of Education,大专以上 College/University or Higher,人数 number of people,1970,1980,9
45,定安村志,受教育程度 Highest Level of Education,大专以上 College/University or Higher,人数 number of people,1980,1990,10
45,定安村志,受教育程度 Highest Level of Education,大专以上 College/University or Higher,人数 number of people,1990,2000,22
45,定安村志,受教育程度 Highest Level of Education,大专以上 College/University or Higher,人数 number of people,2000,2004,35
47,冯桥村志,受教育程度 Highest Level of Education,初中 Junior High School,人数 number of people,1949,1966,11
47,冯桥村志,受教育程度 Highest Level of Education,中专高中 High School,人数 number of people,1949,1966,5
47,冯桥村志,受教育程度 Highest Level of Education,大专以上 College/University or Higher,人数 number of people,1949,1966,1
51,潭前王村志,小学在校生 Elementary School Students,,,1960,1969,524
51,潭前王村志,小学在校生 Elementary School Students,,,1993,2002,874
51,潭前王村志,小学老师 Elementary School Teachers,,,1993,2002,30
51,潭前王村志,受教育程度 Highest Level of Education,大专以上 College/University or Higher,人数 number of people,1949,2003,374
53,牟家村志,受教育程度 Highest Level of Education,文盲 Illiterate,人数 number of people,1960,1962,207
57,尧治河村志,小学老师 Elementary School Teachers,,,1951,2007,41
58,袁家沟村志,受教育程度 Highest Level of Education,小学 Elementary School,人数 number of people,1978,2008,177
58,袁家沟村志,受教育程度 Highest Level of Education,初中 Junior High School,人数 number of people,1978,2008,312
58,袁家沟村志,受教育程度 Highest Level of Education,中专高中 High School,人数 number of people,1978,2008,57
58,袁家沟村志,受教育程度 Highest Level of Education,大专以上 College/University or Higher,人数 number of people,1978,2008,35
61,西高庄村志,新入学生 - 大学 Initial Student Enrollment - College/University,,,1995,2010,20
63,盘山村志,受教育程度 Highest Level of Education,小学 Elementary School,人数 number of people,1949,2009,4400
63,盘山村志,受教育程度 Highest Level of Education,初中 Junior High School,人数 number of people,1949,2009,150
63,盘山村志,受教育程度 Highest Level of Education,大专以上 College/University or Higher,人数 number of people,1963,2010,99
66,四马台村志,小学老师 Elementary School Teachers,,,1956,2001,59
74,上东廓村志,小学在校生 Elementary School Students,,,1953,1956,70
74,上东廓村志,受教育程度 Highest Level of Education,中专高中 High School,人数 number of people,1949,2007,148
74,上东廓村志,受教育程度 Highest Level of Education,大专以上 College/University or Higher,人数 number of people,1949,2007,124
76,沁水营村志,小学老师 Elementary School Teachers,,,1949,2008,15
81,北仪仙村志,新入学生 - 大学 Initial Student Enrollment - College/University,,,1952,1995,43
81,北仪仙村志,受教育程度 Highest Level of Education,小学 Elementary School,人数 number of people,1949,1967,870
81,北仪仙村志,受教育程度 Highest Level of Education,小学 Elementary School,人数 number of people,1968,1977,1200
81,北仪仙村志,受教育程度 Highest Level of Education,初中 Junior High School,人数 number of people,1949,1967,90
81,北仪仙村志,受教育程度 Highest Level of Education,初中 Junior High School,人数 number of people,1968,1977,250
81,北仪仙村志,受教育程度 Highest Level of Education,中专高中 High School,人数 number of people,1949,1967,2
81,北仪仙村志,受教育程度 Highest Level of Education,中专高中 High School,人数 number of people,1968,1977,10
84,三力村志,新入学生 - 大学 Initial Student Enrollment - College/University,,,1950,1959,2
89,新立村志,小学老师 Elementary School Teachers,,,1949,2000,146
90,高山村志,小学在校生 Elementary School Students,,,1950,1952,440
90,高山村志,小学在校生 Elementary School Students,,,1952,1955,500
90,高山村志,小学在校生 Elementary School Students,,,1956,1958,550
90,高山村志,小学在校生 Elementary School Students,,,1959,1969,550
90,高山村志,小学在校生 Elementary School Students,,,1969,1971,550
90,高山村志,小学在校生 Elementary School Students,,,1971,1975,550
90,高山村志,小学在校生 Elementary School Students,,,1975,1978,550
90,高山村志,小学在校生 Elementary School Students,,,1978,1985,550
90,高山村志,小学在校生 Elementary School Students,,,1985,1986,600
90,高山村志,小学在校生 Elementary School Students,,,1986,1988,600
90,高山村志,小学在校生 Elementary School Students,,,1988,1989,600
90,高山村志,小学在校生 Elementary School Students,,,1989,1993,580
90,高山村志,小学在校生 Elementary School Students,,,1993,1998,742
90,高山村志,小学在校生 Elementary School Students,,,1998,2003,742
94,长畛村志,小学老师 Elementary School Teachers,,,1950,2001,17
97,插旗山村志,受教育程度 Highest Level of Education,大专以上 College/University or Higher,人数 number of people,1975,2014,79
99,银桥村村志,受教育程度 Highest Level of Education,初中 Junior High School,人数 number of people,1949,2011,1318
99,银桥村村志,受教育程度 Highest Level of Education,中专高中 High School,人数 number of people,1949,2011,227
99,银桥村村志,受教育程度 Highest Level of Education,大专以上 College/University or Higher,人数 number of people,1949,2011,147
100,崖堡村志,小学在校生 Elementary School Students,,,1978,1980,250
117,正蓝前二村志,小学在校生 Elementary School Students,,,1958,1960,20
117,正蓝前二村志,小学老师 Elementary School Teachers,,,1958,1960,10
121,马村志,小学在校生 Elementary School Students,,,1957,1959,130
121,马村志,小学在校生 Elementary School Students,,,1970,1979,300
121,马村志,小学老师 Elementary School Teachers,,,1970,1979,10
125,长见村志,小学在校生 Elementary School Students,,,1950,1953,35
125,长见村志,小学在校生 Elementary School Students,,,1954,1962,40
125,长见村志,小学在校生 Elementary School Students,,,1965,1971,45
125,长见村志,小学在校生 Elementary School Students,,,1973,1975,55
125,长见村志,小学在校生 Elementary School Students,,,1979,1981,180
125,长见村志,小学在校生 Elementary School Students,,,1982,1983,150
125,长见村志,小学老师 Elementary School Teachers,,,1956,1959,2
125,长见村志,小学老师 Elementary School Teachers,,,1961,1962,2
125,长见村志,小学老师 Elementary School Teachers,,,1963,1964,1
125,长见村志,小学老师 Elementary School Teachers,,,1965,1971,3
125,长见村志,小学老师 Elementary School Teachers,,,1972,1980,7
125,长见村志,小学老师 Elementary School Teachers,,,1981,1985,6
125,长见村志,小学老师 Elementary School Teachers,,,1981,1991,16
126,文大村志,小学在校生 Elementary School Students,,,1960,1969,100
126,文大村志,小学在校生 Elementary School Students,,,1979,1989,250
126,文大村志,小学老师 Elementary School Teachers,,,1960,1969,11
126,文大村志,小学老师 Elementary School Teachers,,,1979,1989,12
132,毕家上流村志,受教育程度 Highest Level of Education,初中 Junior High School,人数 number of people,1951,2010,1684
132,毕家上流村志,受教育程度 Highest Level of Education,大专以上 College/University or Higher,人数 number of people,1951,2010,60
134,梁堡村志,受教育程度 Highest Level of Education,小学 Elementary School,人数 number of people,1949,1966,12
134,梁堡村志,受教育程度 Highest Level of Education,中专高中 High School,人数 number of people,1949,1966,6
134,梁堡村志,受教育程度 Highest Level of Education,大专以上 College/University or Higher,人数 number of people,1949,1966,1
134,梁堡村志,受教育程度 Highest Level of Education,初中 Junior High School,人数 number of people,1967,1979,2
134,梁堡村志,受教育程度 Highest Level of Education,中专高中 High School,人数 number of people,1967,1979,23
134,梁堡村志,受教育程度 Highest Level of Education,大专以上 College/University or Higher,人数 number of people,1967,1979,3
134,梁堡村志,受教育程度 Highest Level of Education,中专高中 High School,人数 number of people,1980,2000,7
134,梁堡村志,受教育程度 Highest Level of Education,大专以上 College/University or Higher,人数 number of people,1980,2000,22
134,梁堡村志,受教育程度 Highest Level of Education,大专以上 College/University or Higher,人数 number of people,2001,2016,143
138,东颜村志,新入学生 - 大学 Initial Student Enrollment - College/University,,,1980,2000,40
138,东颜村志,受教育程度 Highest Level of Education,大专以上 College/University or Higher,人数 number of people,1949,2008,125
141,大三家村志,小学老师 Elementary School Teachers,,,1970,1980,8
142,纳家户村志,小学在校生 Elementary School Students,,,1952,1957,300
142,纳家户村志,小学在校生 Elementary School Students,,,1966,1976,400
142,纳家户村志,小学老师 Elementary School Teachers,,,1952,1957,16
144,上庄村志,小学在校生 Elementary School Students,,,1949,1950,240
144,上庄村志,小学老师 Elementary School Teachers,,,1949,1950,7
146,凤凰庙村志,受教育程度 Highest Level of Education,大专以上 College/University or Higher,人数 number of people,1986,2014,51
146,凤凰庙村志,小学在校生 Elementary School Students,,,1982,1983,200
146,凤凰庙村志,小学老师 Elementary School Teachers,,,1982,1983,11
148,西厂圪洞村志,小学在校生 Elementary School Students,,,1974,1976,150
148,西厂圪洞村志,小学老师 Elementary School Teachers,,,1974,1976,7
149,严小村村志,小学在校生 Elementary School Students,,,1950,1953,35
149,严小村村志,小学在校生 Elementary School Students,,,1962,1967,55
149,严小村村志,小学在校生 Elementary School Students,,,1969,1971,70
149,严小村村志,小学在校生 Elementary School Students,,,1972,1975,80
149,严小村村志,小学在校生 Elementary School Students,,,1984,1987,180
149,严小村村志,小学在校生 Elementary School Students,,,1988,1990,140
149,严小村村志,小学在校生 Elementary School Students,,,1991,1995,140
149,严小村村志,小学在校生 Elementary School Students,,,1995,1998,105
149,严小村村志,小学老师 Elementary School Teachers,,,1950,1953,1
149,严小村村志,小学老师 Elementary School Teachers,,,1957,1959,1
149,严小村村志,小学老师 Elementary School Teachers,,,1962,1967,1
149,严小村村志,小学老师 Elementary School Teachers,,,1969,1971,2
149,严小村村志,小学老师 Elementary School Teachers,,,1972,1975,3
149,严小村村志,小学老师 Elementary School Teachers,,,1977,1979,3
149,严小村村志,小学老师 Elementary School Teachers,,,1984,1987,7
149,严小村村志,小学老师 Elementary School Teachers,,,1988,1990,8
149,严小村村志,小学老师 Elementary School Teachers,,,1991,1994,13
149,严小村村志,小学老师 Elementary School Teachers,,,1994,1998,11
149,严小村村志,受教育程度 Highest Level of Education,小学 Elementary School,人数 number of people,1952,2009,451
149,严小村村志,受教育程度 Highest Level of Education,中专高中 High School,人数 number of people,1952,2009,89
149,严小村村志,受教育程度 Highest Level of Education,大专以上 College/University or Higher,人数 number of people,1952,2009,58
151,宜安村志,小学在校生 Elementary School Students,,,1959,1966,140
151,宜安村志,小学老师 Elementary School Teachers,,,1959,1966,4
151,宜安村志,受教育程度 Highest Level of Education,小学 Elementary School,人数 number of people,1949,2012,1600
151,宜安村志,受教育程度 Highest Level of Education,中专高中 High School,人数 number of people,1949,2012,122
151,宜安村志,受教育程度 Highest Level of Education,大专以上 College/University or Higher,人数 number of people,1949,2012,266
151,宜安村志,受教育程度 Highest Level of Education,大专以上 College/University or Higher,人数 number of people,1961,2011,266
154,马路村志,小学在校生 Elementary School Students,,,1971,1989,400
154,马路村志,小学老师 Elementary School Teachers,,,1971,1989,40
154,马路村志,小学在校生 Elementary School Students,,,1993,1996,300
154,马路村志,小学老师 Elementary School Teachers,,,1993,1996,20
154,马路村志,受教育程度 Highest Level of Education,文盲 Illiterate,百分比 (%) percentage,1970,1979,30
154,马路村志,受教育程度 Highest Level of Education,大专以上 College/University or Higher,人数 number of people,1960,2011,116
158,茅草村志,小学在校生 Elementary School Students,,,1949,1952,89
158,茅草村志,小学老师 Elementary School Teachers,,,1949,1952,7
158,茅草村志,受教育程度 Highest Level of Education,文盲 Illiterate,百分比 (%) percentage,1960,1962,39.3
158,茅草村志,受教育程度 Highest Level of Education,文盲 Illiterate,百分比 (%) percentage,1997,1999,4.2
158,茅草村志,受教育程度 Highest Level of Education,大专以上 College/University or Higher,人数 number of people,1949,2007,132
160,逯家寨志,小学老师 Elementary School Teachers,,,1958,1962,2
163,莲麻坑村志,小学在校生 Elementary School Students,,,1957,1959,100
163,莲麻坑村志,小学在校生 Elementary School Students,,,1990,1999,100
164,八卦营村志,受教育程度 Highest Level of Education,中专高中 High School,人数 number of people,1949,2005,7
164,八卦营村志,受教育程度 Highest Level of Education,大专以上 College/University or Higher,人数 number of people,1949,2005,32
172,定平村志,受教育程度 Highest Level of Education,大专以上 College/University or Higher,人数 number of people,1949,2006,80
173,果山村志,新入学生 - 大学 Initial Student Enrollment - College/University,,,1950,2008,32
176,汪家塬村志,新入学生 - 大学 Initial Student Enrollment - College/University,,,1969,1980,38
181,弼唐村志,新入学生 - 大学 Initial Student Enrollment - College/University,,,1949,1993,6
184,横西村志,小学老师 Elementary School Teachers,,,1957,1985,77
184,横西村志,受教育程度 Highest Level of Education,大专以上 College/University or Higher,人数 number of people,1954,1999,83
185,镇海村志,新入学生 - 大学 Initial Student Enrollment - College/University,,,1959,2005,60
190,范家店村志,小学在校生 Elementary School Students,,,1970,1979,180
190,范家店村志,小学老师 Elementary School Teachers,,,1970,1979,7
190,范家店村志,受教育程度 Highest Level of Education,大专以上 College/University or Higher,人数 number of people,1953,2010,93
193,唐美村志,小学在校生 Elementary School Students,,,1989,1990,391
193,唐美村志,小学在校生 Elementary School Students,,,2000,2001,260
193,唐美村志,受教育程度 Highest Level of Education,大专以上 College/University or Higher,人数 number of people,1949,2004,91
195,珂里庄志,小学在校生 Elementary School Students,,,1949,1956,400
196,吉镇村志,小学在校生 Elementary School Students,,,1950,1959,700
196,吉镇村志,小学老师 Elementary School Teachers,,,1950,1959,20
196,吉镇村志,受教育程度 Highest Level of Education,大专以上 College/University or Higher,人数 number of people,1949,2005,250
197,贤友村志,新入学生 - 大学 Initial Student Enrollment - College/University,,,1949,2014,131
197,贤友村志,小学在校生 Elementary School Students,,,1957,1959,20
197,贤友村志,小学老师 Elementary School Teachers,,,1957,1959,1
197,贤友村志,小学在校生 Elementary School Students,,,1962,1968,50
197,贤友村志,小学老师 Elementary School Teachers,,,1962,1968,1
197,贤友村志,小学在校生 Elementary School Students,,,1975,1977,50
197,贤友村志,小学老师 Elementary School Teachers,,,1975,1977,5
197,贤友村志,小学在校生 Elementary School Students,,,1977,1981,40
197,贤友村志,小学老师 Elementary School Teachers,,,1977,1981,5
197,贤友村志,小学在校生 Elementary School Students,,,1981,1986,80
197,贤友村志,小学老师 Elementary School Teachers,,,1981,1986,9
197,贤友村志,小学在校生 Elementary School Students,,,1986,1988,80
197,贤友村志,小学老师 Elementary School Teachers,,,1986,1988,8
197,贤友村志,小学在校生 Elementary School Students,,,1988,1991,90
197,贤友村志,小学老师 Elementary School Teachers,,,1988,1991,8
197,贤友村志,小学老师 Elementary School Teachers,,,1991,1996,9
197,贤友村志,小学在校生 Elementary School Students,,,1996,1999,120
197,贤友村志,小学老师 Elementary School Teachers,,,1996,1999,11
197,贤友村志,小学在校生 Elementary School Students,,,1999,2003,120
197,贤友村志,小学老师 Elementary School Teachers,,,1999,2003,11
197,贤友村志,小学在校生 Elementary School Students,,,2003,2006,133
197,贤友村志,小学老师 Elementary School Teachers,,,2003,2006,14
197,贤友村志,小学在校生 Elementary School Students,,,2006,2007,110
197,贤友村志,小学老师 Elementary School Teachers,,,2006,2007,8
197,贤友村志,小学在校生 Elementary School Students,,,2007,2012,60
197,贤友村志,小学老师 Elementary School Teachers,,,2007,2012,10
197,贤友村志,小学在校生 Elementary School Students,,,2012,2014,30
197,贤友村志,小学老师 Elementary School Teachers,,,2012,2014,13
198,徐家河村志,新入学生 - 大学 Initial Student Enrollment - College/University,,,1949,2006,80
198,徐家河村志,受教育程度 Highest Level of Education,文盲 Illiterate,人数 number of people,1949,2006,58
198,徐家河村志,受教育程度 Highest Level of Education,小学 Elementary School,人数 number of people,1949,2006,257
198,徐家河村志,受教育程度 Highest Level of Education,初中 Junior High School,人数 number of people,1949,2006,181
198,徐家河村志,受教育程度 Highest Level of Education,中专高中 High School,人数 number of people,1949,2006,185
198,徐家河村志,受教育程度 Highest Level of Education,大专以上 College/University or Higher,人数 number of people,1949,2006,165
198,徐家河村志,受教育程度 Highest Level of Education,文盲 Illiterate,百分比 (%) percentage,1949,2006,6.87
198,徐家河村志,受教育程度 Highest Level of Education,小学 Elementary School,百分比 (%) percentage,1949,2006,30.45
198,徐家河村志,受教育程度 Highest Level of Education,初中 Junior High School,百分比 (%) percentage,1949,2006,21.45
198,徐家河村志,受教育程度 Highest Level of Education,中专高中 High School,百分比 (%) percentage,1949,2006,21.92
198,徐家河村志,受教育程度 Highest Level of Education,大专以上 College/University or Higher,百分比 (%) percentage,1949,2006,19.31
201,永联村志,小学在校生 Elementary School Students,,,1974,1975,157
201,永联村志,小学老师 Elementary School Teachers,,,1974,1975,7
218,九星村志,新入学生 - 大学 Initial Student Enrollment - College/University,,,1977,2010,170
221,南胜村志,新入学生 - 大学 Initial Student Enrollment - College/University,,,1959,2011,224
226,天井村志,小学在校生 Elementary School Students,,,1950,1957,30
233,棠东村志,新入学生 - 大学 Initial Student Enrollment - College/University,,,2002,2004,70
234,小坑村志,新入学生 - 大学 Initial Student Enrollment - College/University,,,1956,2004,39
241,龙爪树村志,新入学生 - 大学 Initial Student Enrollment - College/University,,,2010,2013,83
242,横浦村志,新入学生 - 大学 Initial Student Enrollment - College/University,,,1980,1989,4
242,横浦村志,新入学生 - 大学 Initial Student Enrollment - College/University,,,1990,2010,45
249,北桥村志,新入学生 - 大学 Initial Student Enrollment - College/University,,,1990,2012,100
251,双河村志,受教育程度 Highest Level of Education,大专以上 College/University or Higher,人数 number of people,1949,2010,117
255,民主村志,新入学生 - 大学 Initial Student Enrollment - College/University,,,1990,2010,381
257,华一村志,新入学生 - 大学 Initial Student Enrollment - College/University,,,1990,2001,45
261,寒王村志,新入学生 - 大学 Initial Student Enrollment - College/University,,,1951,2014,206
263,东张口村志,新入学生 - 大学 Initial Student Enrollment - College/University,,,1949,1959,5
265,磁山村志,小学在校生 Elementary School Students,,,1951,1955,160
265,磁山村志,小学在校生 Elementary School Students,,,1956,1960,200
265,磁山村志,小学在校生 Elementary School Students,,,1961,1965,210
265,磁山村志,小学在校生 Elementary School Students,,,1971,1975,275
265,磁山村志,小学在校生 Elementary School Students,,,1976,1980,286
265,磁山村志,小学在校生 Elementary School Students,,,1981,1986,300
265,磁山村志,小学老师 Elementary School Teachers,,,1951,1955,4
265,磁山村志,小学老师 Elementary School Teachers,,,1956,1960,5
265,磁山村志,小学老师 Elementary School Teachers,,,1971,1975,7
265,磁山村志,小学老师 Elementary School Teachers,,,1976,1980,8
265,磁山村志,小学老师 Elementary School Teachers,,,1981,1986,10
266,洞阳观村志,小学在校生 Elementary School Students,,,1957,1958,600
267,晨钟村志,新入学生 - 大学 Initial Student Enrollment - College/University,,,1949,2014,598
268,北陈村志,新入学生 - 大学 Initial Student Enrollment - College/University,,,1949,2009,225
271,东街村志,新入学生 - 大学 Initial Student Enrollment - College/University,,,1949,2015,140
271,东街村志,小学在校生 Elementary School Students,,,1970,1977,230
271,东街村志,小学在校生 Elementary School Students,,,1983,2015,300
271,东街村志,小学在校生 Elementary School Students,,,1990,1999,480
271,东街村志,小学老师 Elementary School Teachers,,,1983,2015,16
271,东街村志,小学老师 Elementary School Teachers,,,1990,1999,24
277,东大寨村志,小学在校生 Elementary School Students,,,1950,1958,60
277,东大寨村志,小学在校生 Elementary School Students,,,1958,1967,150
277,东大寨村志,小学在校生 Elementary School Students,,,1968,1974,250
277,东大寨村志,小学老师 Elementary School Teachers,,,1968,1974,7
278,国际村志,新入学生 - 大学 Initial Student Enrollment - College/University,,,1974,2014,298
278,百胜村志,受教育程度 Highest Level of Education,大专以上 College/University or Higher,人数 number of people,1949,2007,225
283,固新村志,新入学生 - 大学 Initial Student Enrollment - College/University,,,1949,2008,297
285,土塘村志,新入学生 - 大学 Initial Student Enrollment - College/University,,,1949,2013,464
289,百胜村志,受教育程度 Highest Level of Education,大专以上 College/University or Higher,人数 number of people,1949,2007,223
293,碟子沟村志,新入学生 - 大学 Initial Student Enrollment - College/University,,,1949,2015,122
294,北沙坡村志,新入学生 - 大学 Initial Student Enrollment - College/University,,,1950,2010,43
298,葛富村志,小学在校生 Elementary School Students,,,1964,1968,123
298,葛富村志,小学在校生 Elementary School Students,,,1968,1971,146
298,葛富村志,小学在校生 Elementary School Students,,,1971,1972,156
300,斗门村志,小学在校生 Elementary School Students,,,1970,1979,200
301,长山村志,新入学生 - 大学 Initial Student Enrollment - College/University,,,1949,1991,56
309,开弦弓村志,小学在校生 Elementary School Students,,,1949,1950,95
309,开弦弓村志,小学在校生 Elementary School Students,,,1950,1952,137
309,开弦弓村志,小学在校生 Elementary School Students,,,1952,1953,135
309,开弦弓村志,小学在校生 Elementary School Students,,,1953,1954,131
309,开弦弓村志,小学在校生 Elementary School Students,,,1954,1955,132
309,开弦弓村志,小学在校生 Elementary School Students,,,1955,1956,142
309,开弦弓村志,小学在校生 Elementary School Students,,,1956,1958,150
309,开弦弓村志,小学在校生 Elementary School Students,,,1958,1963,184
309,开弦弓村志,小学在校生 Elementary School Students,,,1963,1976,178
309,开弦弓村志,小学在校生 Elementary School Students,,,1985,1991,248
309,开弦弓村志,小学在校生 Elementary School Students,,,1991,1995,235
309,开弦弓村志,小学在校生 Elementary School Students,,,1995,1996,324
309,开弦弓村志,小学在校生 Elementary School Students,,,1996,1999,432
309,开弦弓村志,小学在校生 Elementary School Students,,,1999,2001,453
309,开弦弓村志,小学在校生 Elementary School Students,,,2001,2002,508
309,开弦弓村志,小学在校生 Elementary School Students,,,2002,2003,412
309,开弦弓村志,小学在校生 Elementary School Students,,,2003,2004,292
309,开弦弓村志,小学在校生 Elementary School Students,,,2004,2005,200
309,开弦弓村志,小学在校生 Elementary School Students,,,2005,2006,159
309,开弦弓村志,小学在校生 Elementary School Students,,,2006,2007,163
309,开弦弓村志,小学在校生 Elementary School Students,,,2007,2008,143
309,开弦弓村志,新入学生 - 大学 Initial Student Enrollment - College/University,,,2011,2014,73
309,开弦弓村志,小学老师 Elementary School Teachers,,,1949,1950,4
309,开弦弓村志,小学老师 Elementary School Teachers,,,1950,1952,4
309,开弦弓村志,小学老师 Elementary School Teachers,,,1952,1953,4
309,开弦弓村志,小学老师 Elementary School Teachers,,,1953,1954,4
309,开弦弓村志,小学老师 Elementary School Teachers,,,1954,1955,4
309,开弦弓村志,小学老师 Elementary School Teachers,,,1955,1956,4
309,开弦弓村志,小学老师 Elementary School Teachers,,,1956,1958,5
309,开弦弓村志,小学老师 Elementary School Teachers,,,1958,1963,8
309,开弦弓村志,小学老师 Elementary School Teachers,,,1963,1976,8
309,开弦弓村志,小学老师 Elementary School Teachers,,,1985,1991,13
309,开弦弓村志,小学老师 Elementary School Teachers,,,1991,1995,13
309,开弦弓村志,小学老师 Elementary School Teachers,,,1995,1996,18
309,开弦弓村志,小学老师 Elementary School Teachers,,,1996,1999,20
309,开弦弓村志,小学老师 Elementary School Teachers,,,1999,2001,23
309,开弦弓村志,小学老师 Elementary School Teachers,,,2001,2002,24
309,开弦弓村志,小学老师 Elementary School Teachers,,,2002,2003,23
309,开弦弓村志,小学老师 Elementary School Teachers,,,2003,2004,21
309,开弦弓村志,小学老师 Elementary School Teachers,,,2004,2005,12
309,开弦弓村志,小学老师 Elementary School Teachers,,,2005,2006,13
309,开弦弓村志,小学老师 Elementary School Teachers,,,2006,2007,13
309,开弦弓村志,小学老师 Elementary School Teachers,,,2007,2008,13
313,刘集村志,新入学生 - 大学 Initial Student Enrollment - College/University,,,1999,2009,69
316,黄岗村志,小学在校生 Elementary School Students,,,1961,1972,242
316,黄岗村志,小学在校生 Elementary School Students,,,1978,1983,262
316,黄岗村志,小学老师 Elementary School Teachers,,,1961,1972,13
316,黄岗村志,小学老师 Elementary School Teachers,,,1978,1983,16
319,花园关村志,新入学生 - 大学 Initial Student Enrollment - College/University,,,1977,2014,174
320,金沙村志,新入学生 - 大学 Initial Student Enrollment - College/University,,,1977,2015,145
326,江桃村志,新入学生 - 大学 Initial Student Enrollment - College/University,,,1949,2010,205
327,四台子村志,新入学生 - 大学 Initial Student Enrollment - College/University,,,1950,1965,9
327,四台子村志,新入学生 - 大学 Initial Student Enrollment - College/University,,,1966,1976,3
327,四台子村志,新入学生 - 大学 Initial Student Enrollment - College/University,,,1977,2014,252
334,灵岩村志,新入学生 - 大学 Initial Student Enrollment - College/University,,,2006,2008,85
341,旧尉屯村志,新入学生 - 大学 Initial Student Enrollment - College/University,,,1962,2008,95
348,尖山下村志,受教育程度 Highest Level of Education,大专以上 College/University or Higher,人数 number of people,1949,1992,16
351,雷家崄村志,新入学生 - 大学 Initial Student Enrollment - College/University,,,2000,2008,14
354,花园岗村志,新入学生 - 大学 Initial Student Enrollment - College/University,,,1990,2006,18
357,义东沟村志,新入学生 - 大学 Initial Student Enrollment - College/University,,,1956,2008,442
358,丰盈村志,小学在校生 Elementary School Students,,,1981,1983,350
358,丰盈村志,小学老师 Elementary School Teachers,,,1981,1983,12
359,新塘村志,新入学生 - 大学 Initial Student Enrollment - College/University,,,1995,2002,54
360,沙富村志,小学在校生 Elementary School Students,,,1950,1952,109
360,沙富村志,小学在校生 Elementary School Students,,,1953,1956,161
360,沙富村志,小学在校生 Elementary School Students,,,1959,1960,212
360,沙富村志,小学在校生 Elementary School Students,,,1961,1964,171
360,沙富村志,小学在校生 Elementary School Students,,,1965,1966,254
360,沙富村志,小学在校生 Elementary School Students,,,1967,1968,234
360,沙富村志,小学在校生 Elementary School Students,,,1969,1971,418
360,沙富村志,小学老师 Elementary School Teachers,,,1950,1952,6
360,沙富村志,小学老师 Elementary School Teachers,,,1953,1956,4
360,沙富村志,小学老师 Elementary School Teachers,,,1959,1960,7
360,沙富村志,小学老师 Elementary School Teachers,,,1961,1964,8
360,沙富村志,小学老师 Elementary School Teachers,,,1965,1966,8
360,沙富村志,小学老师 Elementary School Teachers,,,1967,1968,12
360,沙富村志,小学老师 Elementary School Teachers,,,1969,1971,20
370,关址村志,新入学生 - 大学 Initial Student Enrollment - College/University,,,1995,2010,40
375,三勤村志,新入学生 - 大学 Initial Student Enrollment - College/University,,,1949,2011,351
376,林城村志,新入学生 - 大学 Initial Student Enrollment - College/University,,,1949,2014,154
380,桥北村志,新入学生 - 大学 Initial Student Enrollment - College/University,,,1953,2009,100
385,七一村志,新入学生 - 大学 Initial Student Enrollment - College/University,,,1949,1966,9
387,南山村志,新入学生 - 大学 Initial Student Enrollment - College/University,,,2000,2016,150
391,卢家巷村志,新入学生 - 大学 Initial Student Enrollment - College/University,,,1949,2014,523
392,沙河岸村志,新入学生 - 大学 Initial Student Enrollment - College/University,,,1973,2013,198
408,龙门村志,新入学生 - 大学 Initial Student Enrollment - College/University,,,1949,1990,16
412,牛头镇村志,新入学生 - 大学 Initial Student Enrollment - College/University,,,1978,1994,101
418,平羌村志,受教育程度 Highest Level of Education,初中 Junior High School,百分比 (%) percentage,1949,2008,60.9
418,平羌村志,受教育程度 Highest Level of Education,中专高中 High School,百分比 (%) percentage,1949,2008,8.4
418,平羌村志,受教育程度 Highest Level of Education,大专以上 College/University or Higher,百分比 (%) percentage,1949,2008,3.4
418,平羌村志,受教育程度 Highest Level of Education,小学 Elementary School,人数 number of people,1949,2008,1450
418,平羌村志,受教育程度 Highest Level of Education,初中 Junior High School,人数 number of people,1949,2008,982
418,平羌村志,受教育程度 Highest Level of Education,中专高中 High School,人数 number of people,1949,2008,167
418,平羌村志,受教育程度 Highest Level of Education,大专以上 College/University or Higher,人数 number of people,1949,2008,68
421,牛宅村志,小学在校生 Elementary School Students,,,1972,1976,520
421,牛宅村志,小学老师 Elementary School Teachers,,,1972,1976,22
430,石桥鲁道村志,新入学生 - 大学 Initial Student Enrollment - College/University,,,1949,2013,59
433,吴家村志,小学老师 Elementary School Teachers,,,1949,1992,23
433,吴家村志,受教育程度 Highest Level of Education,中专高中 High School,人数 number of people,1960,2013,60
433,吴家村志,受教育程度 Highest Level of Education,大专以上 College/University or Higher,人数 number of people,1960,2013,11
438,湾底村志,新入学生 - 大学 Initial Student Enrollment - College/University,,,1978,1992,6
441,土山寺村志,小学在校生 Elementary School Students,,,1976,1982,360
441,土山寺村志,小学在校生 Elementary School Students,,,1982,1989,450
441,土山寺村志,小学在校生 Elementary School Students,,,1989,1995,500
441,土山寺村志,小学在校生 Elementary School Students,,,1995,1997,520
441,土山寺村志,小学在校生 Elementary School Students,,,1997,1999,490
441,土山寺村志,小学老师 Elementary School Teachers,,,1976,1982,19
441,土山寺村志,小学老师 Elementary School Teachers,,,1982,1989,24
441,土山寺村志,小学老师 Elementary School Teachers,,,1989,1995,32
441,土山寺村志,小学老师 Elementary School Teachers,,,1995,1997,32
441,土山寺村志,小学老师 Elementary School Teachers,,,1997,1999,28
446,王寮村志,小学在校生 Elementary School Students,,,1949,1952,200
446,王寮村志,小学在校生 Elementary School Students,,,1953,1956,400
446,王寮村志,小学在校生 Elementary School Students,,,1957,1966,500
446,王寮村志,小学在校生 Elementary School Students,,,1967,1975,510
446,王寮村志,小学在校生 Elementary School Students,,,1976,1979,500
446,王寮村志,小学在校生 Elementary School Students,,,1980,1988,534
446,王寮村志,小学老师 Elementary School Teachers,,,1949,1952,8
446,王寮村志,小学老师 Elementary School Teachers,,,1953,1956,15
446,王寮村志,小学老师 Elementary School Teachers,,,1957,1966,20
446,王寮村志,小学老师 Elementary School Teachers,,,1967,1975,24
446,王寮村志,小学老师 Elementary School Teachers,,,1976,1979,24
446,王寮村志,小学老师 Elementary School Teachers,,,1980,1988,30
454,水集二村志,新入学生 - 大学 Initial Student Enrollment - College/University,,,1979,2007,177
457,太各庄村志,新入学生 - 大学 Initial Student Enrollment - College/University,,,1959,2010,73
458,鹿窝村志,小学在校生 Elementary School Students,,,1950,1959,100
458,鹿窝村志,小学在校生 Elementary School Students,,,1976,1978,300
458,鹿窝村志,小学在校生 Elementary School Students,,,1981,1984,500
458,鹿窝村志,小学老师 Elementary School Teachers,,,1950,1960,7
459,孙家小庄村志,新入学生 - 大学 Initial Student Enrollment - College/University,,,1978,2006,121
467,中曹村志,新入学生 - 大学 Initial Student Enrollment - College/University,,,1949,2007,79
471,义安村志,新入学生 - 大学 Initial Student Enrollment - College/University,,,1980,1997,39
476,园中村志,新入学生 - 大学 Initial Student Enrollment - College/University,,,1949,2000,41
477,鱼山村志,新入学生 - 大学 Initial Student Enrollment - College/University,,,1949,2004,133
483,雄龙村志,新入学生 - 大学 Initial Student Enrollment - College/University,,,1949,2015,18
486,西跃村志,小学在校生 Elementary School Students,,,1949,1952,130
486,西跃村志,小学在校生 Elementary School Students,,,1953,1979,260
486,西跃村志,小学在校生 Elementary School Students,,,1980,1982,170
486,西跃村志,小学在校生 Elementary School Students,,,1983,1984,175
486,西跃村志,小学在校生 Elementary School Students,,,1985,1999,185
486,西跃村志,小学在校生 Elementary School Students,,,1999,2002,225
486,西跃村志,小学在校生 Elementary School Students,,,2002,2004,225
486,西跃村志,小学在校生 Elementary School Students,,,2004,2006,154
486,西跃村志,小学老师 Elementary School Teachers,,,1949,1952,7
486,西跃村志,小学老师 Elementary School Teachers,,,1953,1979,13
486,西跃村志,小学老师 Elementary School Teachers,,,1980,1982,9
486,西跃村志,小学老师 Elementary School Teachers,,,1983,1984,9
486,西跃村志,小学老师 Elementary School Teachers,,,1985,1999,11
486,西跃村志,小学老师 Elementary School Teachers,,,1999,2002,14
486,西跃村志,小学老师 Elementary School Teachers,,,2002,2004,14
486,西跃村志,小学老师 Elementary School Teachers,,,2004,2006,11
493,友好村志,新入学生 - 大学 Initial Student Enrollment - College/University,,,1983,2012,34
494,枣牌刘村志,新入学生 - 大学 Initial Student Enrollment - College/University,,,1985,2010,17
495,西齐永村志,新入学生 - 大学 Initial Student Enrollment - College/University,,,1977,2014,112
496,龙塘村志,新入学生 - 大学 Initial Student Enrollment - College/University,,,1993,2010,78
498,枣烟村志,新入学生 - 大学 Initial Student Enrollment - College/University,,,1949,2012,61
499,走马塘村志,新入学生 - 大学 Initial Student Enrollment - College/University,,,1949,2014,72
502,窑坡村志,小学老师 Elementary School Teachers,,,1952,1954,2
505,新塘下村志,受教育程度 Highest Level of Education,大专以上 College/University or Higher,人数 number of people,1967,2011,106
506,竹尾田村,小学在校生 Elementary School Students,,,1950,1951,50
506,竹尾田村,小学老师 Elementary School Teachers,,,1950,1951,5
509,新堰村志,新入学生 - 大学 Initial Student Enrollment - College/University,,,1956,2009,95
511,西解甲庄村志,受教育程度 Highest Level of Education,大专以上 College/University or Higher,人数 number of people,1950,1959,3
511,西解甲庄村志,受教育程度 Highest Level of Education,大专以上 College/University or Higher,人数 number of people,1960,1969,3
511,西解甲庄村志,受教育程度 Highest Level of Education,大专以上 College/University or Higher,人数 number of people,1989,2010,60
512,薛肇村志,受教育程度 Highest Level of Education,大专以上 College/University or Higher,人数 number of people,1949,2007,115
513,洋澜村志,新入学生 - 大学 Initial Student Enrollment - College/University,,,1949,2015,385
516,诸葛村志,小学在校生 Elementary School Students,,,1952,1957,500
516,诸葛村志,小学老师 Elementary School Teachers,,,1952,1957,9
516,诸葛村志,小学老师 Elementary School Teachers,,,1960,1968,13
518,渔沙坦村志,小学在校生 Elementary School Students,,,1981,1989,800
529,黄家门村志,新入学生 - 大学 Initial Student Enrollment - College/University,,,1978,2016,19
531,草陂村志,新入学生 - 大学 Initial Student Enrollment - College/University,,,1949,2016,268
537,鸦鹊水村志,受教育程度 Highest Level of Education,大专以上 College/University or Higher,人数 number of people,1950,2013,310
537,鸦鹊水村志,受教育程度 Highest Level of Education,大专以上 College/University or Higher,百分比 (%) percentage,1950,2013,7.5
538,魁胆村志,新入学生 - 大学 Initial Student Enrollment - College/University,,,1999,2016,97
539,莲花村志,新入学生 - 大学 Initial Student Enrollment - College/University,,,1949,2015,462
540,红星村志,新入学生 - 大学 Initial Student Enrollment - College/University,,,2000,2012,145
542,庙坪村志,新入学生 - 大学 Initial Student Enrollment - College/University,,,1949,2017,7
549,柳树垭村志,新入学生 - 大学 Initial Student Enrollment - College/University,,,1950,2015,25
551,双湖村志,新入学生 - 大学 Initial Student Enrollment - College/University,,,1950,1999,24
552,二龙村志,小学老师 Elementary School Teachers,,,1955,1975,6
552,二龙村志,小学老师 Elementary School Teachers,,,1976,1981,6
552,二龙村志,小学老师 Elementary School Teachers,,,1981,1989,4
552,二龙村志,新入学生 - 大学 Initial Student Enrollment - College/University,,,1949,2014,58
553,旧居村志,新入学生 - 大学 Initial Student Enrollment - College/University,,,1949,2016,77
555,中石村志,新入学生 - 大学 Initial Student Enrollment - College/University,,,1949,2016,800
557,沥坑刘村村志,小学在校生 Elementary School Students,,,1969,1982,160
557,沥坑刘村村志,小学在校生 Elementary School Students,,,1983,2001,50
557,沥坑刘村村志,小学老师 Elementary School Teachers,,,1969,1982,5
557,沥坑刘村村志,小学老师 Elementary School Teachers,,,1983,2001,8
558,稠泉村志,新入学生 - 大学 Initial Student Enrollment - College/University,,,1949,2005,52
559,朱家港村志,小学老师 Elementary School Teachers,,,1949,1965,22
559,朱家港村志,小学老师 Elementary School Teachers,,,1965,1981,60
559,朱家港村志,小学老师 Elementary School Teachers,,,1981,2017,61
562,北陶村志,受教育程度 Highest Level of Education,大专以上 College/University or Higher,人数 number of people,1949,2015,35
564,菜园头村志,新入学生 - 大学 Initial Student Enrollment - College/University,,,1949,2015,608
566,马郡村志,新入学生 - 大学 Initial Student Enrollment - College/University,,,1949,2015,120
567,虎牙滩村志,小学在校生 Elementary School Students,,,1950,1958,150
569,方村志,受教育程度 Highest Level of Education,大专以上 College/University or Higher,人数 number of people,1983,2008,101
570,拱市村志,新入学生 - 大学 Initial Student Enrollment - College/University,,,1949,2015,100
571,护城村志,新入学生 - 大学 Initial Student Enrollment - College/University,,,1977,2008,150
575,邢泉村志,受教育程度 Highest Level of Education,大专以上 College/University or Higher,人数 number of people,1949,2009,35
578,三山村志,新入学生 - 大学 Initial Student Enrollment - College/University,,,1977,2013,216
579,殷山村村志,新入学生 - 大学 Initial Student Enrollment - College/University,,,1977,2015,82
583,三里亭村志,新入学生 - 大学 Initial Student Enrollment - College/University,,,1950,2016,46
586,膏田村志,新入学生 - 大学 Initial Student Enrollment - College/University,,,1949,2016,36
589,锁口村志,小学在校生 Elementary School Students,,,1972,1978,150
589,锁口村志,小学老师 Elementary School Teachers,,,1972,1978,7
590,惠农村志,新入学生 - 大学 Initial Student Enrollment - College/University,,,1964,2015,86
594,天马村志,新入学生 - 大学 Initial Student Enrollment - College/University,,,1949,2004,199
596,新河村志,小学在校生 Elementary School Students,,,1961,1966,200
602,竹坪村志,新入学生 - 大学 Initial Student Enrollment - College/University,,,1949,2008,48
603,竹山湾村志,新入学生 - 大学 Initial Student Enrollment - College/University,,,1960,2016,61
605,八角村志,新入学生 - 大学 Initial Student Enrollment - College/University,,,1956,2013,157
611,沉香村志,新入学生 - 大学 Initial Student Enrollment - College/University,,,1957,2015,207
612,东华村志,新入学生 - 大学 Initial Student Enrollment - College/University,,,1949,2009,243
613,大星村志,新入学生 - 大学 Initial Student Enrollment - College/University,,,1977,2016,86
614,成日村志,新入学生 - 大学 Initial Student Enrollment - College/University,,,1980,2015,388
617,安昌村志,新入学生 - 大学 Initial Student Enrollment - College/University,,,1949,2014,222
619,仓场村志,新入学生 - 大学 Initial Student Enrollment - College/University,,,1967,1969,24
619,仓场村志,新入学生 - 大学 Initial Student Enrollment - College/University,,,1977,2015,203
619,仓场村志,受教育程度 Highest Level of Education,大专以上 College/University or Higher,人数 number of people,1960,1969,24
619,仓场村志,受教育程度 Highest Level of Education,文盲 Illiterate,百分比 (%) percentage,1949,1952,90
625,邓一村志,新入学生 - 大学 Initial Student Enrollment - College/University,,,1949,2015,201
625,邓一村志,受教育程度 Highest Level of Education,初中 Junior High School,人数 number of people,1949,1960,35
625,邓一村志,受教育程度 Highest Level of Education,中专高中 High School,人数 number of people,1949,1960,3
625,邓一村志,受教育程度 Highest Level of Education,大专以上 College/University or Higher,人数 number of people,1949,1960,12
631,溪尾村志,新入学生 - 大学 Initial Student Enrollment - College/University,,,1949,2017,518
634,上薛村志,新入学生 - 大学 Initial Student Enrollment - College/University,,,1949,1998,174
636,南宵村志,新入学生 - 大学 Initial Student Enrollment - College/University,,,1949,2003,130
637,镇丰村志,新入学生 - 大学 Initial Student Enrollment - College/University,,,1977,1999,90
640,榜山村志,新入学生 - 大学 Initial Student Enrollment - College/University,,,1949,2006,35
641,保卫村志,新入学生 - 大学 Initial Student Enrollment - College/University,,,1989,2010,216
643,北金召村志,小学在校生 Elementary School Students,,,1956,1958,120
643,北金召村志,新入学生 - 大学 Initial Student Enrollment - College/University,,,1949,2011,46
644,度城村志,新入学生 - 大学 Initial Student Enrollment - College/University,,,1949,2012,171
646,玉河村志,受教育程度 Highest Level of Education,大专以上 College/University or Higher,人数 number of people,1951,2004,58
650,云溪永丰村志,新入学生 - 大学 Initial Student Enrollment - College/University,,,1949,2011,141
656,北关村志,新入学生 - 大学 Initial Student Enrollment - College/University,,,1949,2016,171
658,义路村志,新入学生 - 大学 Initial Student Enrollment - College/University,,,2008,2010,35
660,羊甫村志,新入学生 - 大学 Initial Student Enrollment - College/University,,,1949,2011,168
662,东瓜地村志,新入学生 - 大学 Initial Student Enrollment - College/University,,,1949,2012,91
664,北安河村志,新入学生 - 大学 Initial Student Enrollment - College/University,,,2002,2010,172
665,佰王刘村志,小学在校生 Elementary School Students,,,1950,1960,50
665,佰王刘村志,小学在校生 Elementary School Students,,,1970,2000,90
665,佰王刘村志,小学老师 Elementary School Teachers,,,1950,1964,2
665,佰王刘村志,小学老师 Elementary School Teachers,,,1980,2005,2
676,南韩村志,新入学生 - 大学 Initial Student Enrollment - College/University,,,1949,2016,122
678,后孙密城村志,新入学生 - 大学 Initial Student Enrollment - College/University,,,1949,2013,50
680,城北村志,新入学生 - 大学 Initial Student Enrollment - College/University,,,1949,1997,143
682,孤山村志,小学在校生 Elementary School Students,,,1950,1953,20
682,孤山村志,小学老师 Elementary School Teachers,,,1950,1953,2
685,花胡庄村志,新入学生 - 大学 Initial Student Enrollment - College/University,,,1949,2015,100
687,杜羊圈村志,小学在校生 Elementary School Students,,,1955,1956,21
687,杜羊圈村志,小学在校生 Elementary School Students,,,1958,1959,38
687,杜羊圈村志,小学在校生 Elementary School Students,,,1962,1966,50
687,杜羊圈村志,小学在校生 Elementary School Students,,,1967,1983,203
687,杜羊圈村志,小学在校生 Elementary School Students,,,1984,1989,130
687,杜羊圈村志,小学在校生 Elementary School Students,,,1995,1999,220
688,孤山村志,小学在校生 Elementary School Students,,,1950,1953,20
688,孤山村志,小学老师 Elementary School Teachers,,,1950,1953,2
690,巴洲村志,新入学生 - 大学 Initial Student Enrollment - College/University,,,1949,2010,153
692,八间房村志,新入学生 - 大学 Initial Student Enrollment - College/University,,,1949,2015,119
693,北万山村志,新入学生 - 大学 Initial Student Enrollment - College/University,,,1949,2003,61
694,东岭村志,新入学生 - 大学 Initial Student Enrollment - College/University,,,1983,1999,11
696,北堆村志,新入学生 - 大学 Initial Student Enrollment - College/University,,,1949,2009,62
699,罗口村志,新入学生 - 大学 Initial Student Enrollment - College/University,,,1949,2017,579
702,半峪村志,新入学生 - 大学 Initial Student Enrollment - College/University,,,1949,2000,36
705,曹家馆村志,新入学生 - 大学 Initial Student Enrollment - College/University,,,1977,2011,91
709,工农村志,新入学生 - 大学 Initial Student Enrollment - College/University,,,1949,2006,204
711,北陈庄村志,新入学生 - 大学 Initial Student Enrollment - College/University,,,1949,2010,172
713,东二旗村志,新入学生 - 大学 Initial Student Enrollment - College/University,,,1992,2009,72
720,段家寨村志,小学在校生 Elementary School Students,,,1952,1956,17
720,段家寨村志,小学在校生 Elementary School Students,,,1957,1961,22
720,段家寨村志,小学在校生 Elementary School Students,,,1962,1970,32
720,段家寨村志,小学在校生 Elementary School Students,,,1971,1981,36
720,段家寨村志,小学在校生 Elementary School Students,,,1991,2000,138
720,段家寨村志,小学老师 Elementary School Teachers,,,1952,1956,1
720,段家寨村志,小学老师 Elementary School Teachers,,,1957,1961,2
720,段家寨村志,小学老师 Elementary School Teachers,,,1962,1970,6
720,段家寨村志,新入学生 - 大学 Initial Student Enrollment - College/University,,,1949,2010,84
726,草山岭村志,小学在校生 Elementary School Students,,,1952,1969,60
728,安家庄村志,新入学生 - 大学 Initial Student Enrollment - College/University,,,1949,2015,181
729,人民村志,新入学生 - 大学 Initial Student Enrollment - College/University,,,1949,2014,406
730,五龙村志,新入学生 - 大学 Initial Student Enrollment - College/University,,,1949,2010,184
731,中角村志,新入学生 - 大学 Initial Student Enrollment - College/University,,,1959,2013,153
733,森林村志,新入学生 - 大学 Initial Student Enrollment - College/University,,,1970,2016,311
740,民和村志,新入学生 - 大学 Initial Student Enrollment - College/University,,,1949,2016,151
742,文义村志,新入学生 - 大学 Initial Student Enrollment - College/University,,,1977,2012,218
749,梨花村志,新入学生 - 大学 Initial Student Enrollment - College/University,,,1977,2013,52
753,黄柳村志,新入学生 - 大学 Initial Student Enrollment - College/University,,,1957,2016,59
754,乐乌村志,新入学生 - 大学 Initial Student Enrollment - College/University,,,1977,2015,354
756,姜城村志,新入学生 - 大学 Initial Student Enrollment - College/University,,,1949,2003,136
757,井溢村志,新入学生 - 大学 Initial Student Enrollment - College/University,,,1949,2015,250
759,王家村志,新入学生 - 大学 Initial Student Enrollment - College/University,,,1977,2014,98
761,姚家弄村志,新入学生 - 大学 Initial Student Enrollment - College/University,,,1977,2014,190
763,新卫村志,新入学生 - 大学 Initial Student Enrollment - College/University,,,1950,2016,191
764,小圩村志,新入学生 - 大学 Initial Student Enrollment - College/University,,,1949,2015,151
765,贺北村志,新入学生 - 大学 Initial Student Enrollment - College/University,,,1949,2014,507
766,横沟村志,新入学生 - 大学 Initial Student Enrollment - College/University,,,1949,2013,658
768,温河村志,新入学生 - 大学 Initial Student Enrollment - College/University,,,1949,1989,21
768,温河村志,新入学生 - 大学 Initial Student Enrollment - College/University,,,1950,1980,21
768,温河村志,新入学生 - 大学 Initial Student Enrollment - College/University,,,1981,2010,325
769,桑园村志,新入学生 - 大学 Initial Student Enrollment - College/University,,,1949,2013,142
772,新塘村志,新入学生 - 大学 Initial Student Enrollment - College/University,,,1962,2011,272
773,富达畲村志,新入学生 - 大学 Initial Student Enrollment - College/University,,,1949,2002,266
776,城西吕家村志,新入学生 - 大学 Initial Student Enrollment - College/University,,,1991,2010,128
776,城西吕家村志,受教育程度 Highest Level of Education,大专以上 College/University or Higher,人数 number of people,1991,2010,129
776,城西吕家村志,受教育程度 Highest Level of Education,文盲 Illiterate,人数 number of people,1950,1953,380
780,北谷丰村志,小学在校生 Elementary School Students,,,1948,1950,230
780,北谷丰村志,小学在校生 Elementary School Students,,,1950,1952,235
780,北谷丰村志,小学在校生 Elementary School Students,,,1952,1954,250
780,北谷丰村志,小学在校生 Elementary School Students,,,1954,1958,170
780,北谷丰村志,小学在校生 Elementary School Students,,,1958,1963,240
780,北谷丰村志,小学在校生 Elementary School Students,,,1963,1966,240
780,北谷丰村志,小学在校生 Elementary School Students,,,1966,1968,280
780,北谷丰村志,小学在校生 Elementary School Students,,,1985,1988,210
780,北谷丰村志,小学在校生 Elementary School Students,,,1988,1992,200
780,北谷丰村志,小学在校生 Elementary School Students,,,1992,1994,220
780,北谷丰村志,小学在校生 Elementary School Students,,,1994,2009,260
780,北谷丰村志,小学在校生 Elementary School Students,,,2009,2010,289
780,北谷丰村志,新入学生 - 大学 Initial Student Enrollment - College/University,,,1949,2014,188
780,北谷丰村志,受教育程度 Highest Level of Education,文盲 Illiterate,百分比 (%) percentage,1970,1979,32
780,北谷丰村志,受教育程度 Highest Level of Education,文盲 Illiterate,百分比 (%) percentage,1990,1999,16.9
780,北谷丰村志,受教育程度 Highest Level of Education,小学 Elementary School,百分比 (%) percentage,1970,1979,18
780,北谷丰村志,受教育程度 Highest Level of Education,初中 Junior High School,百分比 (%) percentage,1970,1979,38
780,北谷丰村志,受教育程度 Highest Level of Education,初中 Junior High School,百分比 (%) percentage,1990,1999,46.5
780,北谷丰村志,受教育程度 Highest Level of Education,中专高中 High School,百分比 (%) percentage,1970,1979,11
780,北谷丰村志,受教育程度 Highest Level of Education,中专高中 High School,百分比 (%) percentage,1990,1999,26.7
780,北谷丰村志,受教育程度 Highest Level of Education,大专以上 College/University or Higher,百分比 (%) percentage,1990,1999,7.8
780,北谷丰村志,小学在校生 Elementary School Students,,,1968,1970,300
780,北谷丰村志,小学在校生 Elementary School Students,,,1970,1972,320
780,北谷丰村志,小学在校生 Elementary School Students,,,1972,1975,330
780,北谷丰村志,小学在校生 Elementary School Students,,,1976,1985,360
783,城北村志,新入学生 - 大学 Initial Student Enrollment - College/University,,,1949,1989,17
787,路口村志,新入学生 - 大学 Initial Student Enrollment - College/University,,,1949,2015,223
790,新盛村志,新入学生 - 大学 Initial Student Enrollment - College/University,,,1958,2003,179
791,鞍山村志,新入学生 - 大学 Initial Student Enrollment - College/University,,,1949,2015,49
792,北固碾村志,新入学生 - 大学 Initial Student Enrollment - College/University,,,1949,2011,152
798,旧飞鹅村村志,小学在校生 Elementary School Students,,,1994,1995,62
798,旧飞鹅村村志,小学老师 Elementary School Teachers,,,1994,1995,5
798,旧飞鹅村村志,新入学生 - 大学 Initial Student Enrollment - College/University,,,1949,2011,53
800,水朗村志,小学老师 Elementary School Teachers,,,1950,1953,2
800,水朗村志,小学老师 Elementary School Teachers,,,1958,1960,3
800,水朗村志,小学老师 Elementary School Teachers,,,1962,1965,4
800,水朗村志,小学老师 Elementary School Teachers,,,1965,1970,4
800,水朗村志,小学老师 Elementary School Teachers,,,1971,1975,12
800,水朗村志,小学老师 Elementary School Teachers,,,1976,1980,12
800,水朗村志,小学老师 Elementary School Teachers,,,1981,1985,10
800,水朗村志,小学老师 Elementary School Teachers,,,1986,1990,9
800,水朗村志,小学老师 Elementary School Teachers,,,1991,1995,9
800,水朗村志,小学老师 Elementary School Teachers,,,1996,2000,10
800,水朗村志,小学老师 Elementary School Teachers,,,2000,2006,15
801,星光村志,新入学生 - 大学 Initial Student Enrollment - College/University,,,1949,1966,28
801,星光村志,新入学生 - 大学 Initial Student Enrollment - College/University,,,1977,2015,187
802,北平村志,新入学生 - 大学 Initial Student Enrollment - College/University,,,1954,1965,2
802,北平村志,新入学生 - 大学 Initial Student Enrollment - College/University,,,1973,1999,11
802,北平村志,新入学生 - 大学 Initial Student Enrollment - College/University,,,2000,2011,12
803,北七家庄村志,新入学生 - 大学 Initial Student Enrollment - College/University,,,2002,2009,23
807,水库村志,新入学生 - 大学 Initial Student Enrollment - College/University,,,1949,2010,392
812,沙坝村志,新入学生 - 大学 Initial Student Enrollment - College/University,,,1949,2012,62
813,八方村志,新入学生 - 大学 Initial Student Enrollment - College/University,,,1949,2008,133
814,鳌头村志,新入学生 - 大学 Initial Student Enrollment - College/University,,,1978,2015,219
819,北胡庄村志,新入学生 - 大学 Initial Student Enrollment - College/University,,,1962,2013,109
821,慈峪村志,小学在校生 Elementary School Students,,,1949,1959,400
821,慈峪村志,小学在校生 Elementary School Students,,,1960,1970,600
821,慈峪村志,小学在校生 Elementary School Students,,,1970,1980,700
821,慈峪村志,小学在校生 Elementary School Students,,,1980,1985,800
821,慈峪村志,小学在校生 Elementary School Students,,,1990,1995,1000
821,慈峪村志,小学在校生 Elementary School Students,,,1985,1990,900
821,慈峪村志,小学在校生 Elementary School Students,,,1996,2000,1100
821,慈峪村志,小学在校生 Elementary School Students,,,2001,2003,1000
821,慈峪村志,小学在校生 Elementary School Students,,,2003,2005,700
821,慈峪村志,小学在校生 Elementary School Students,,,2005,2009,600
821,慈峪村志,小学老师 Elementary School Teachers,,,1949,1959,9
821,慈峪村志,小学老师 Elementary School Teachers,,,1960,1970,14
821,慈峪村志,小学老师 Elementary School Teachers,,,1970,1980,20
821,慈峪村志,小学老师 Elementary School Teachers,,,1980,1985,24
821,慈峪村志,小学老师 Elementary School Teachers,,,1985,1990,28
821,慈峪村志,小学老师 Elementary School Teachers,,,1990,1995,32
821,慈峪村志,小学老师 Elementary School Teachers,,,1996,2000,38
821,慈峪村志,小学老师 Elementary School Teachers,,,2001,2003,42
821,慈峪村志,小学老师 Elementary School Teachers,,,2003,2005,30
821,慈峪村志,小学老师 Elementary School Teachers,,,2005,2009,28
824,东八村村志,新入学生 - 大学 Initial Student Enrollment - College/University,,,1987,2014,108
825,东升村志,新入学生 - 大学 Initial Student Enrollment - College/University,,,1949,2013,255
826,东皇墓村志,新入学生 - 大学 Initial Student Enrollment - College/University,,,1949,2014,56
827,营前村志,新入学生 - 大学 Initial Student Enrollment - College/University,,,1949,2015,280
829,鸡翅岭村志,小学在校生 Elementary School Students,,,1960,1962,50
829,鸡翅岭村志,小学在校生 Elementary School Students,,,1963,1968,100
829,鸡翅岭村志,小学在校生 Elementary School Students,,,1969,1971,145
829,鸡翅岭村志,小学在校生 Elementary School Students,,,1972,1976,130
829,鸡翅岭村志,小学在校生 Elementary School Students,,,1977,1982,150
829,鸡翅岭村志,小学在校生 Elementary School Students,,,1983,1985,120
829,鸡翅岭村志,小学在校生 Elementary School Students,,,1986,1991,130
829,鸡翅岭村志,小学在校生 Elementary School Students,,,1991,1994,140
829,鸡翅岭村志,小学在校生 Elementary School Students,,,1995,2000,200
829,鸡翅岭村志,小学在校生 Elementary School Students,,,2000,2001,210
829,鸡翅岭村志,小学在校生 Elementary School Students,,,2002,2006,280
829,鸡翅岭村志,新入学生 - 大学 Initial Student Enrollment - College/University,,,1988,2015,177
829,鸡翅岭村志,小学老师 Elementary School Teachers,,,1960,1962,3
829,鸡翅岭村志,小学老师 Elementary School Teachers,,,1963,1968,7
829,鸡翅岭村志,小学老师 Elementary School Teachers,,,1969,1971,9
829,鸡翅岭村志,小学老师 Elementary School Teachers,,,1972,1976,8
829,鸡翅岭村志,小学老师 Elementary School Teachers,,,1977,1982,10
829,鸡翅岭村志,小学老师 Elementary School Teachers,,,1983,1985,8
829,鸡翅岭村志,小学老师 Elementary School Teachers,,,1986,1991,10
829,鸡翅岭村志,小学老师 Elementary School Teachers,,,1991,1994,10
829,鸡翅岭村志,小学老师 Elementary School Teachers,,,1995,2000,10
829,鸡翅岭村志,小学老师 Elementary School Teachers,,,2000,2001,10
829,鸡翅岭村志,小学老师 Elementary School Teachers,,,2002,2006,11
829,鸡翅岭村志,小学老师 Elementary School Teachers,,,1958,1959,1
829,鸡翅岭村志,小学在校生 Elementary School Students,,,1958,1959,21
831,沿南村志,新入学生 - 大学 Initial Student Enrollment - College/University,,,1959,1965,12
831,沿南村志,新入学生 - 大学 Initial Student Enrollment - College/University,,,1977,2014,118
832,白坟村志,新入学生 - 大学 Initial Student Enrollment - College/University,,,1949,2016,113
836,枫深村志,新入学生 - 大学 Initial Student Enrollment - College/University,,,1949,2002,51
841,北薛庄村志,新入学生 - 大学 Initial Student Enrollment - College/University,,,1949,1966,4
841,北薛庄村志,新入学生 - 大学 Initial Student Enrollment - College/University,,,1977,2014,95
842,美林村志,新入学生 - 大学 Initial Student Enrollment - College/University,,,1949,2007,38
845,峒峪村志,新入学生 - 大学 Initial Student Enrollment - College/University,,,1949,2008,77
848,邓村村志,新入学生 - 大学 Initial Student Enrollment - College/University,,,1957,2015,62
852,北海山村志,新入学生 - 大学 Initial Student Enrollment - College/University,,,1949,2016,113
854,塘头村志,新入学生 - 大学 Initial Student Enrollment - College/University,,,1949,2011,117
855,梨川村志,新入学生 - 大学 Initial Student Enrollment - College/University,,,1950,1959,19
855,梨川村志,新入学生 - 大学 Initial Student Enrollment - College/University,,,1960,1969,10
855,梨川村志,新入学生 - 大学 Initial Student Enrollment - College/University,,,1970,1979,3
855,梨川村志,新入学生 - 大学 Initial Student Enrollment - College/University,,,1980,1989,19
855,梨川村志,新入学生 - 大学 Initial Student Enrollment - College/University,,,1990,1999,65
859,花乡葆台村志,新入学生 - 大学 Initial Student Enrollment - College/University,,,1990,2010,59
862,王官屯村志,新入学生 - 大学 Initial Student Enrollment - College/University,,,1949,2010,27
864,柳子圪旦村志,新入学生 - 大学 Initial Student Enrollment - College/University,,,1949,2012,65
865,理家庄村志,新入学生 - 大学 Initial Student Enrollment - College/University,,,1949,2000,67
868,上柳源村志,新入学生 - 大学 Initial Student Enrollment - College/University,,,1949,2013,163
869,库城村志,新入学生 - 大学 Initial Student Enrollment - College/University,,,1950,1965,1
869,库城村志,新入学生 - 大学 Initial Student Enrollment - College/University,,,1966,1976,1
869,库城村志,新入学生 - 大学 Initial Student Enrollment - College/University,,,1977,2014,103
870,崔家沟村志,新入学生 - 大学 Initial Student Enrollment - College/University,,,1949,2011,37
877,杨沟湾村志,新入学生 - 大学 Initial Student Enrollment - College/University,,,1949,2018,125
880,新海坝村志,新入学生 - 大学 Initial Student Enrollment - College/University,,,1978,2017,38
881,后山村志,新入学生 - 大学 Initial Student Enrollment - College/University,,,1972,2004,15
882,桃子溪村志,新入学生 - 大学 Initial Student Enrollment - College/University,,,1980,2016,128
886,大峡谷村志,新入学生 - 大学 Initial Student Enrollment - College/University,,,1996,2012,15
886,大峡谷村志,新入学生 - 大学 Initial Student Enrollment - College/University,,,2011,2015,22
888,云家码头村志,新入学生 - 大学 Initial Student Enrollment - College/University,,,1949,2013,41
890,西河村志,小学老师 Elementary School Teachers,,,1949,1957,1
891,昝村志,新入学生 - 大学 Initial Student Enrollment - College/University,,,1949,2012,415
903,木头峪村志,新入学生 - 大学 Initial Student Enrollment - College/University,,,1949,2017,253
906,龙泉村志,新入学生 - 大学 Initial Student Enrollment - College/University,,,1950,1989,16
906,龙泉村志,新入学生 - 大学 Initial Student Enrollment - College/University,,,1990,2010,343
908,黄岭村志,小学在校生 Elementary School Students,,,1987,1999,612
908,黄岭村志,小学老师 Elementary School Teachers,,,1987,1999,20
909,西水磨村志,新入学生 - 大学 Initial Student Enrollment - College/University,,,1968,2009,200
911,张家塔村志,小学在校生 Elementary School Students,,,1951,1960,10
911,张家塔村志,小学在校生 Elementary School Students,,,1961,1971,30
911,张家塔村志,小学在校生 Elementary School Students,,,1972,1973,120
911,张家塔村志,小学在校生 Elementary School Students,,,1974,1978,160
911,张家塔村志,小学在校生 Elementary School Students,,,1979,1980,160
911,张家塔村志,小学在校生 Elementary School Students,,,1981,1982,160
911,张家塔村志,小学在校生 Elementary School Students,,,1982,1984,160
911,张家塔村志,小学在校生 Elementary School Students,,,1985,1989,170
911,张家塔村志,小学在校生 Elementary School Students,,,1990,1994,170
911,张家塔村志,小学在校生 Elementary School Students,,,1995,1996,180
911,张家塔村志,小学在校生 Elementary School Students,,,2000,2006,300
911,张家塔村志,小学老师 Elementary School Teachers,,,1951,1960,1
911,张家塔村志,新入学生 - 大学 Initial Student Enrollment - College/University,,,1961,1971,1
911,张家塔村志,小学老师 Elementary School Teachers,,,1972,1973,8
911,张家塔村志,小学老师 Elementary School Teachers,,,1974,1978,10
911,张家塔村志,小学老师 Elementary School Teachers,,,1979,1980,10
911,张家塔村志,小学老师 Elementary School Teachers,,,1981,1982,10
911,张家塔村志,小学老师 Elementary School Teachers,,,1982,1984,10
911,张家塔村志,小学老师 Elementary School Teachers,,,1985,1989,11
911,张家塔村志,小学老师 Elementary School Teachers,,,1990,1994,11
911,张家塔村志,小学老师 Elementary School Teachers,,,1995,1996,11
911,张家塔村志,小学老师 Elementary School Teachers,,,2000,2006,13
911,张家塔村志,小学老师 Elementary School Teachers,,,2007,2009,2
913,西台村志,新入学生 - 大学 Initial Student Enrollment - College/University,,,1997,2008,25
914,吴兴村志,新入学生 - 大学 Initial Student Enrollment - College/University,,,1950,1969,14
914,吴兴村志,新入学生 - 大学 Initial Student Enrollment - College/University,,,1970,1978,6
914,吴兴村志,新入学生 - 大学 Initial Student Enrollment - College/University,,,1979,2003,54
914,吴兴村志,新入学生 - 大学 Initial Student Enrollment - College/University,,,2004,2013,79
918,赵官屯村志,新入学生 - 大学 Initial Student Enrollment - College/University,,,1949,2018,67
920,和平村志,新入学生 - 大学 Initial Student Enrollment - College/University,,,1977,2010,91
921,桂南村志,新入学生 - 大学 Initial Student Enrollment - College/University,,,1949,2010,102
922,建农村志,新入学生 - 大学 Initial Student Enrollment - College/University,,,1949,2014,95
923,王安堡村志,新入学生 - 大学 Initial Student Enrollment - College/University,,,1949,2014,127
925,上官村志,新入学生 - 大学 Initial Student Enrollment - College/University,,,1949,2018,174
926,东六合村志,小学老师 Elementary School Teachers,,,1964,1968,1
926,东六合村志,小学老师 Elementary School Teachers,,,1968,1969,2
926,东六合村志,小学老师 Elementary School Teachers,,,1970,1991,2
926,东六合村志,小学老师 Elementary School Teachers,,,1991,1995,1
926,东六合村志,受教育程度 Highest Level of Education,文盲 Illiterate,人数 number of people,1960,1969,117
926,东六合村志,受教育程度 Highest Level of Education,小学 Elementary School,人数 number of people,1960,1969,155
926,东六合村志,受教育程度 Highest Level of Education,初中 Junior High School,人数 number of people,1960,1969,15
926,东六合村志,受教育程度 Highest Level of Education,中专高中 High School,人数 number of people,1960,1969,10
926,东六合村志,受教育程度 Highest Level of Education,大专以上 College/University or Higher,人数 number of people,1960,1969,3
926,东六合村志,受教育程度 Highest Level of Education,文盲 Illiterate,人数 number of people,1990,1999,113
926,东六合村志,受教育程度 Highest Level of Education,小学 Elementary School,人数 number of people,1990,1999,200
926,东六合村志,受教育程度 Highest Level of Education,初中 Junior High School,人数 number of people,1990,1999,35
926,东六合村志,受教育程度 Highest Level of Education,中专高中 High School,人数 number of people,1990,1999,22
926,东六合村志,受教育程度 Highest Level of Education,大专以上 College/University or Higher,人数 number of people,1990,1999,15
927,光明村志,新入学生 - 大学 Initial Student Enrollment - College/University,,,1984,2010,236
930,兴朱村志,新入学生 - 大学 Initial Student Enrollment - College/University,,,1949,2015,52
931,小许庄村志,新入学生 - 大学 Initial Student Enrollment - College/University,,,1960,2014,35
932,邢庄村志,新入学生 - 大学 Initial Student Enrollment - College/University,,,1949,2014,8
932,邢庄村志,小学老师 Elementary School Teachers,,,1958,1960,7
932,邢庄村志,小学老师 Elementary School Teachers,,,1964,1992,8
932,邢庄村志,受教育程度 Highest Level of Education,文盲 Illiterate,百分比 (%) percentage,1949,1952,95
933,无为庄村志,新入学生 - 大学 Initial Student Enrollment - College/University,,,1949,2015,66
935,拦车村志,新入学生 - 大学 Initial Student Enrollment - College/University,,,1949,2004,73
937,赤社村志,新入学生 - 大学 Initial Student Enrollment - College/University,,,1949,2008,57
937,赤社村志,小学老师 Elementary School Teachers,,,1950,1969,17
938,交丙坛村志,新入学生 - 大学 Initial Student Enrollment - College/University,,,1949,1997,121
940,西林西村志,新入学生 - 大学 Initial Student Enrollment - College/University,,,1964,2006,49
943,崔家庄村志,新入学生 - 大学 Initial Student Enrollment - College/University,,,1949,2003,98
946,金建村志,新入学生 - 大学 Initial Student Enrollment - College/University,,,1957,2016,296
947,大望京村志,小学在校生 Elementary School Students,,,1949,1952,50
949,西王村志,新入学生 - 大学 Initial Student Enrollment - College/University,,,1980,2007,22
956,城南村志,新入学生 - 大学 Initial Student Enrollment - College/University,,,1949,2004,94
957,城东村志,新入学生 - 大学 Initial Student Enrollment - College/University,,,1949,1995,87
958,城内村志,受教育程度 Highest Level of Education,大专以上 College/University or Higher,人数 number of people,1949,2006,160
959,潢涌村志,新入学生 - 大学 Initial Student Enrollment - College/University,,,1977,1990,40
964,鱼河湾村志,新入学生 - 大学 Initial Student Enrollment - College/University,,,1949,2012,77
967,卜居头村志,新入学生 - 大学 Initial Student Enrollment - College/University,,,1949,2015,85
972,李街村志,新入学生 - 大学 Initial Student Enrollment - College/University,,,1949,2013,59
976,陈堡村志,新入学生 - 大学 Initial Student Enrollment - College/University,,,1949,2015,207
984,黄皮村志,小学在校生 Elementary School Students,,,1950,1958,120
984,黄皮村志,小学在校生 Elementary School Students,,,1959,1965,134
984,黄皮村志,小学在校生 Elementary School Students,,,1966,1977,212
984,黄皮村志,小学在校生 Elementary School Students,,,1978,2016,245
984,黄皮村志,新入学生 - 大学 Initial Student Enrollment - College/University,,,1950,1958,1
984,黄皮村志,新入学生 - 大学 Initial Student Enrollment - College/University,,,1966,1977,9
984,黄皮村志,新入学生 - 大学 Initial Student Enrollment - College/University,,,1978,2016,85
984,黄皮村志,新入学生 - 大学 Initial Student Enrollment - College/University,,,1959,1965,3
990,城子村志,新入学生 - 大学 Initial Student Enrollment - College/University,,,2008,2010,28
993,都康村志,新入学生 - 大学 Initial Student Enrollment - College/University,,,1949,2014,90
995,关虎屯村志,新入学生 - 大学 Initial Student Enrollment - College/University,,,1978,2005,260
997,葛寨村志,新入学生 - 大学 Initial Student Enrollment - College/University,,,1949,2017,90
998,崔家村志,新入学生 - 大学 Initial Student Enrollment - College/University,,,1949,2012,160
999,篁墩村志,新入学生 - 大学 Initial Student Enrollment - College/University,,,1949,2014,89
