村志代码 Gazetteer Code,村志书名 Gazetteer Title,村志书名 - 汉语拼音 Gazetteer Title - Hanyu Pinyin,出版年 Year of Publication,出版类型 Publication Type
1,太平店村志,Changge Shi Taipingdian Cun zhi,2009,正式出版 Formal
2,叶店村志,Yedian Cun zhi,2008,非正式出版物 Informal
3,马鞭田村志,Mabiantian Cun zhi,2012,正式出版 Formal
4,万秀村志,Wanxiu Cun zhi,2009,正式出版 Formal
5,光淀村志,Guangdian Cun zhi,2004,非正式出版物 Informal
6,方等村志,Hebei Sheng Lincheng Xian Fangdeng Cun zhi,2012,非正式出版物 Informal
7,渔津洼村志,Yujinwa Cun zhi,2002,正式出版 Formal
8,板板桥村志,Banbanqiao Cun zhi,2007,正式出版 Formal
9,仓上村志,Cangshang Cun zhi,2011,内部出版 Internal
10,草场地村志,Caochangdi Cun zhi,2007,非正式出版物 Informal
11,桥梓村志,Dongguan Shi Changping Zhen Qiaozi Cun zhi,2010,正式出版 Formal
12,东侯坊村志,Donghoufang Cun zhi,2017,非正式出版物 Informal
13,黄土岗村志,Huangtugang Cun zhi,2009,非正式出版物 Informal
14,桑耳庄村志,Sang’erzhuang Cun zhi,2001,正式出版 Formal
15,三合村志,Sanhe Cun zhi,2013,正式出版 Formal
16,上梅林村志,Shangmeilin Cun zhi,2007,正式出版 Formal
17,单家村村志,Shanjia Cun Cun zhi,2011,非正式出版物 Informal
18,生产村志,Shengchan Cun zhi,1994,非正式出版物 Informal
19,树园村志,Shuyuan Cun zhi,2006,非正式出版物 Informal
20,西黄村村志,Xihuang Cun Cun zhi,2010,非正式出版物 Informal
21,张坊村志,Zhangfang Cun zhi,2011,正式出版 Formal
22,张家圩子村志,Zhangjiaweizi Cun zhi (1401-2011),2012,正式出版 Formal
23,凤池村志,Fengchi Cun zhi,2007,非正式出版物 Informal
24,楼村志,Lou Cun zhi,2009,正式出版 Formal
25,马头村志,Matou Cun zhi,2013,正式出版 Formal
26,孟莲村志,Menglian Cun zhi,2008,正式出版 Formal
27,马岭村志,Maling Cun zhi,2013,正式出版 Formal
28,莲塘村志(修订),Liantang Cun zhi (xiu ding),2010,内部出版 Internal
29,刘国忠村志,Liuguozhong Cun zhi,2012,非正式出版物 Informal
30,管元村志,Guanyuan Cun zhi,2005,正式出版 Formal
31,南凤山村志,Nanfengshan Cun zhi,2009,内部出版 Internal
32,井亭村志,Jingting Cun zhi,2010,正式出版 Formal
33,见守村志,Jianshou Cun zhi,2006,内部出版 Internal
34,胡家村志,Hujia Cun zhi,2008,正式出版 Formal
35,洪塘头村志,Hongtangtou Cun zhi,2009,内部出版 Internal
36,周家巷村志,Zhoujiaxiang Cun zhi,2009,内部出版 Internal
37,联盟村志,Lianmeng Cun zhi,1999,正式出版 Formal
38,梁口村志,Liangkou Cun zhi,2009,非正式出版物 Informal
39,骏马村志,Junma Cun zhi,2013,非正式出版物 Informal
40,金家坪村志,Jinjiaping Cun zhi,2008,非正式出版物 Informal
41,博潭村志,Botan Cun zhi,2002,非正式出版物 Informal
42,新桥村志,Xinqiao Cun zhi,2009,正式出版 Formal
43,草厂村志,Caochang Cun zhi,2012,非正式出版物 Informal
44,大吕庄村志,Dalüzhuang Cun zhi,2012,正式出版 Formal
45,定安村志,Ding’an Cun zhi,2004,非正式出版物 Informal
46,方家村志,Fangjia Cun zhi,2013,正式出版 Formal
47,冯桥村志,Fengqiao Cun zhi,2008,非正式出版物 Informal
48,小瓦窑村志,Xiaowayao Cun zhi,2009,非正式出版物 Informal
49,富强村志,Fuqiang Cun zhi,2011,正式出版 Formal
50,福清音西村志,Fuqing Yinxi Cun zhi,2011,正式出版 Formal
51,潭前王村志,Tanqianwang Cun zhi,2006,正式出版 Formal
52,郭家沟村志,Guojiagou Cun zhi,2013,正式出版 Formal
53,牟家村志,Moujia Cun zhi,2009,非正式出版物 Informal
54,西官庄村志,Xiguanzhuang Cun zhi,2012,非正式出版物 Informal
55,西园村志,Xiyuan Cun zhi,2009,非正式出版物 Informal
56,沐陂村志,Mupi Cun zhi,2010,非正式出版物 Informal
57,尧治河村志,Yaozhihe Cun zhi,2010,内部出版 Internal
58,袁家沟村志,Yuanjiagou Cun zhi,2010,正式出版 Formal
59,云水村志,Yunshui Cun zhi,2002,正式出版 Formal
60,平地村志,Pingdi Cun zhi,2006,内部出版 Internal
61,西高庄村志,Xigaozhuang Cun zhi,2012,正式出版 Formal
62,新华村志,Xinhua Cun zhi,2004,内部出版 Internal
63,盘山村志,Panshan Cun zhi,2009,正式出版 Formal
64,三路居村志,Sanluju Cun zhi,2009,正式出版 Formal
65,仙台村村志,Xiantai Cun cun zhi,2012,非正式出版物 Informal
66,四马台村志,Simatai Cun zhi,2011,正式出版 Formal
67,西洞头村志,Xidongtou Cun zhi,2005,非正式出版物 Informal
68,五河苗族村志,Wuhe Miao Zu cun zhi,2007,内部出版 Internal
69,五一村志,Wuyi Cun zhi,2011,内部出版 Internal
70,乌玉村志,Wuyu Cun zhi,2003,内部出版 Internal
71,前夹山村志,Qianjiashan Cun zhi,2011,正式出版 Formal
72,浦联村志,Pulian Cun zhi,1996,正式出版 Formal
73,三元朱村志,Sanyuanzhu Cun zhi,2008,正式出版 Formal
74,上东廓村志,Shangdongkuo Cun zhi,2008,非正式出版物 Informal
75,琴湖村志,Qinhu Cun zhi,2011,正式出版 Formal
76,沁水营村志,Qinshuiying Cun zhi,2012,正式出版 Formal
77,三洋村志,Sanyang Cun zhi,2013,正式出版 Formal
78,三八里村志,Sanbali Cun zhi,2011,正式出版 Formal
79,坦头村志,Tantou Cun zhi,2014,正式出版 Formal
80,新店村志,Xindian Cun zhi,2011,内部出版 Internal
81,北仪仙村志,Beiyixian Cun zhi,1998,正式出版 Formal
82,北良侯村志,Beilianghou Cun zhi,1999,非正式出版物 Informal
83,柏沟村志,Bogou Cun zhi,1997,正式出版 Formal
84,三力村志,Sanli Cun zhi,2008,非正式出版物 Informal
85,马鼻方志,Mabi fang zhi,2000,非正式出版物 Informal
86,石䧱村志,Shikuan Cun zhi,2000,非正式出版物 Informal
87,坦头村志,Tantou Cun zhi,2002,非正式出版物 Informal
88,传字营村志,Chuanziying Cun zhi,2000,内部出版 Internal
89,新立村志,Xinli Cun zhi,2002,正式出版 Formal
90,高山村志,Gaoshan Cun zhi,2004,非正式出版物 Informal
91,福保村志,Fubao Cun zhi,2005,正式出版 Formal
92,上南村志,Shangnan Cun zhi,2012,非正式出版物 Informal
93,霍庄子村志,Huozhuangzi Cun zhi,2012,非正式出版物 Informal
94,长畛村志,Changzhen Cun zhi,2007,正式出版 Formal
95,大河村志,Dahe Cun zhi,2011,内部出版 Internal
96,大蒋庄村志,Dajiangzhuang Cun zhi,1995,正式出版 Formal
97,插旗山村志,Chaqishan Cun zhi,2016,内部出版 Internal
98,福德村志,Fude Cun zhi,2012,正式出版 Formal
99,银桥村村志,Yinqiao Cun cun zhi,2013,内部出版 Internal
100,崖堡村志,Aibu Cun zhi,2014,正式出版 Formal
101,柳州·村志 : 柳城卷,Liuzhou cun zhi : Liucheng juan,2008,非正式出版物 Informal
102,柳州·村志 : 柳城卷,Liuzhou cun zhi : Liucheng juan,2008,非正式出版物 Informal
103,柳州·村志 : 柳城卷,Liuzhou cun zhi : Liucheng juan,2008,非正式出版物 Informal
104,柳州·村志 : 柳城卷,Liuzhou cun zhi : Liucheng juan,2008,非正式出版物 Informal
105,柳州·村志 : 柳城卷,Liuzhou cun zhi : Liucheng juan,2008,非正式出版物 Informal
106,柳州·村志 : 柳城卷,Liuzhou cun zhi : Liucheng juan,2008,非正式出版物 Informal
107,柳州·村志 : 柳城卷,Liuzhou cun zhi : Liucheng juan,2008,非正式出版物 Informal
108,柳州·村志 : 柳城卷,Liuzhou cun zhi : Liucheng juan,2008,非正式出版物 Informal
109,柳州·村志 : 柳城卷,Liuzhou cun zhi : Liucheng juan,2008,非正式出版物 Informal
110,柳州·村志 : 柳城卷,Liuzhou cun zhi : Liucheng juan,2008,非正式出版物 Informal
111,柳州·村志 : 柳城卷,Liuzhou cun zhi : Liucheng juan,2008,非正式出版物 Informal
112,柳州·村志 : 柳城卷,Liuzhou cun zhi : Liucheng juan,2008,非正式出版物 Informal
113,东古城村志,Donggucheng Cun zhi,2014,正式出版 Formal
114,涌泉村志,Yongquan Cun zhi,2008,正式出版 Formal
115,荷湖村志,Hehu Cun zhi,2011,正式出版 Formal
116,青峰村志,Qingfeng Cun zhi,2014,非正式出版物 Informal
117,正蓝前二村志,Zhenglanqian’er Cun zhi,2005,内部出版 Internal
118,百子畈村志,Baizifan Cun zhi,2016,非正式出版物 Informal
119,三堰淌村志,Sanyantang Cun zhi,2008,非正式出版物 Informal
120,小库木尔村志,Xiaokumu’er Cun zhi,2014,正式出版 Formal
121,马村志,Ma Cun zhi,2002,正式出版 Formal
123,小三家子村志,Xiaosanjiazi Cun zhi,1996,内部出版 Internal
124,复兴村志,Fuxing Cun zhi,1998,非正式出版物 Informal
125,长见村志,Changjian Cun zhi,1991,内部出版 Internal
126,文大村志,Wenda Cun zhi,2009,正式出版 Formal
127,浪营村志,Langying Cun zhi,2008,非正式出版物 Informal
128,白沙村志,Baisha Cun zhi,1991,正式出版 Formal
129,高庙村志,Gaomiao Cun zhi,2004,非正式出版物 Informal
130,起台堡村志,Qitaibao Cun zhi,2010,非正式出版物 Informal
131,双庄村村志,Shuangzhuang Cun Cun zhi,2016,非正式出版物 Informal
132,毕家上流村志,Bijiashangliu Cun zhi,2010,非正式出版物 Informal
133,天穆村志,Tianmu Cun zhi,2007,内部出版 Internal
134,梁堡村志,Liangbao Cun zhi,2017,非正式出版物 Informal
135,苏波盖村志,Subogai Cun zhi,2016,正式出版 Formal
136,丹村志,Dan Cun zhi,2013,非正式出版物 Informal
137,菖蒲塘村志,Changputang Cun zhi,2016,内部出版 Internal
138,东颜村志,Dongyan Cun zhi,2009,内部出版 Internal
139,魁胆村志(送审稿),Kuidan Cun zhi (song shen gao),2017,非正式出版物 Informal
140,隆里所村志(审议稿),Longlisuo Cun zhi (shen yi gao),2017,非正式出版物 Informal
141,大三家村志,Dasanjia Cun zhi,2011,正式出版 Formal
142,纳家户村志,Najiahu Cun zhi,2011,正式出版 Formal
143,防川村志,Fangchuan Cun zhi,2017,非正式出版物 Informal
144,上庄村志,Shangzhuang Cun zhi,2009,内部出版 Internal
145,宝狮村志,Baoshi Cun zhi,2013,非正式出版物 Informal
146,凤凰庙村志,Fenghuangmiao Cun zhi,2015,非正式出版物 Informal
147,卖花渔村志,Maihuayu Cun zhi,2012,内部出版 Internal
148,西厂圪洞村志,Xichanggedong Cun zhi,2013,正式出版 Formal
149,严小村村志,Yanxiao Cun Cun zhi,2010,非正式出版物 Informal
150,宝才村志,Baocai Cun zhi,2007,内部出版 Internal
151,宜安村志,Yi’an Cun zhi,2014,内部出版 Internal
152,传桂村志,Chuangui Cun zhi,2003,非正式出版物 Informal
153,叶坪村志,Yeping Cun zhi,2002,非正式出版物 Informal
154,马路村志,Malu Cun zhi,2012,非正式出版物 Informal
156,百花村志,Baihua Cun zhi,2011,非正式出版物 Informal
157,上桥村志,Shangqiao Cun zhi,1996,非正式出版物 Informal
158,茅草村志,Maocao Cun zhi,2008,非正式出版物 Informal
159,北山门口村志,Beishanmenkou Cun zhi,2014,内部出版 Internal
160,逯家寨志,Lujiazhai zhi,2000,非正式出版物 Informal
161,鸡鸣村志,Jiming Cun zhi,2015,正式出版 Formal
162,丁达村志,Dingda Cun zhi,2008,内部出版 Internal
163,莲麻坑村志,Lianmakeng Cun zhi,2015,正式出版 Formal
164,八卦营村志,Baguaying Cun zhi,2007,正式出版 Formal
165,大畈村志,Dafan Cun zhi,2008,非正式出版物 Informal
166,赤土村志,Chitu Cun zhi,2012,正式出版 Formal
167,南店村志,Nandian Cun zhi,2016,非正式出版物 Informal
168,杨树林子村志,Yangshulinzi Cun zhi,2016,非正式出版物 Informal
169,永庆村志,Yongqing Cun zhi,2010,内部出版 Internal
170,鲍家寨村志,Baojiazhai Cun zhi,2007,非正式出版物 Informal
171,青林寺村志,Qinglinsi Cun zhi,2017,正式出版 Formal
172,定平村志,Dingping Cun zhi,2007,非正式出版物 Informal
173,果山村志,Guoshan Cun zhi,2010,非正式出版物 Informal
174,蔡宅村志,Caizhai Cun zhi,2004,正式出版 Formal
176,汪家塬村志,Wangjiayuan Cun zhi,2016,正式出版 Formal
177,船房村志,Chuanfang Cun zhi,2006,非正式出版物 Informal
178,双街村志,Shuangjie Cun zhi,2017,正式出版 Formal
179,木民村志,Mumin Cun zhi,2005,非正式出版物 Informal
180,红城村志,Hongcheng Cun zhi,1997,内部出版 Internal
181,弼唐村志,Bitang Cun zhi,2008,内部出版 Internal
183,旧城村志,Jiucheng Cun zhi,2012,正式出版 Formal
184,橫西村志,Hengxi Cun zhi,2007,非正式出版物 Informal
185,镇海村志,Zhenhai Cun zhi,2006,非正式出版物 Informal
186,白岩洞村志,Baiyandong Cun zhi,2010,非正式出版物 Informal
187,百泉村志,Baiquan Cun zhi,2002,正式出版 Formal
188,调塾村志,Diaoshu Cun zhi,2005,非正式出版物 Informal
189,苑口村志,Yuankou Cun zhi,2006,正式出版 Formal
190,范家店村志,Fanjiadian Cun zhi,2010,正式出版 Formal
191,塘尾村志,Tangwei Cun zhi,2011,正式出版 Formal
192,三桥村志,Sanqiao Cun zhi,2009,非正式出版物 Informal
193,唐美村志,Tangmei Cun zhi,2006,非正式出版物 Informal
194,界首村志,Jieshou Cun zhi,2006,非正式出版物 Informal
195,珂里庄志,Keli Zhuang zhi,2010,正式出版 Formal
196,吉镇村志,Jizhen Cun zhi,2006,非正式出版物 Informal
197,贤友村志,Xianyou Cun zhi,2014,正式出版 Formal
198,徐家河村志,Xujiahe Cun zhi,2009,非正式出版物 Informal
199,勤丰村志,Qinfeng Cun zhi,2011,正式出版 Formal
200,观音庙村史,Guanyinmiao Cun shi,2011,非正式出版物 Informal
201,永联村志,Yonglian Cun zhi,2015,正式出版 Formal
203,石马峪村志,Shimayu Cun zhi,2012,非正式出版物 Informal
204,者湾村志,Zhewan Cun zhi,2000,非正式出版物 Informal
205,黄土村志,Huangtu Cun zhi,1996,内部出版 Internal
206,上关村志,Shangguan Cun zhi,2006,非正式出版物 Informal
207,兴堰村志,Xingyan Cun zhi,2015,内部出版 Internal
208,人民塘村志,Renmintang Cun zhi,2014,正式出版 Formal
209,海东村志,Haidong Cun zhi,2013,非正式出版物 Informal
210,三街村志,Sanjie Cun zhi,2008,正式出版 Formal
211,山邑村志,Shanyi Cun zhi,2007,非正式出版物 Informal
212,石坝村志,Shiba Cun zhi,2013,正式出版 Formal
213,群安村志,Qun’an Cun zhi,2015,内部出版 Internal
214,云溪村志,Yunxi Cun zhi,2011,非正式出版物 Informal
215,龙街村志,Longjie Cun zhi,2003,内部出版 Internal
216,金陵村志,Jinling Cun zhi,2014,正式出版 Formal
217,瓦窑村志,Wayao Cun zhi,2013,非正式出版物 Informal
218,九星村志,Jiuxing Cun zhi,2013,正式出版 Formal
219,金凤村志,Jinfeng Cun zhi,2012,正式出版 Formal
220,董棕河村志,Dongzonghe Cun zhi,2013,正式出版 Formal
221,南胜村志,Nansheng Cun zhi,2013,非正式出版物 Informal
222,唐家岭村志,Tangjialing Cun zhi,2009,非正式出版物 Informal
223,水闸口村志,Shuizhakou Cun zhi,2008,非正式出版物 Informal
224,柏崖厂村志,Baiyachang Cun zhi,2013,正式出版 Formal
225,古城村志,Qiaoli Cun zhi,2016,正式出版 Formal
226,天井村志,Tianjing Cun zhi,2004,正式出版 Formal
227,后辛庄村志,Houxinzhuang Cun zhi,2005,非正式出版物 Informal
228,环东村志,Huandong Cun zhi,2014,正式出版 Formal
229,上马坊村志,Shangmafang Cun zhi,2009,内部出版 Internal
230,果园村志,Guoyuan Cun zhi,2014,正式出版 Formal
231,众安村志,Zhong’an Cun zhi,2016,正式出版 Formal
232,马连道村志,Maliandao Cun zhi,2008,非正式出版物 Informal
233,棠东村志,Tangdong Cun zhi,2006,非正式出版物 Informal
234,小坑村志,Xiaokeng Cun zhi,2005,内部出版 Internal
235,勐廷村志,Mengting Cun zhi,2016,正式出版 Formal
236,榆林村志,Yulin Cun zhi,2013,正式出版 Formal
238,界龙村志,Jielong Cun zhi,2013,正式出版 Formal
239,北山村志,Beishan Cun zhi,2016,正式出版 Formal
241,龙爪树村志,Longzhaoshu Cun zhi,2014,非正式出版物 Informal
242,横浦村志,Hengpu Cun zhi,2016,内部出版 Internal
243,南韩继村志,Nanhanji Cun zhi,2016,正式出版 Formal
244,盐行村志,Yanhang Cun zhi,2013,非正式出版物 Informal
245,上园村志,Shangyuan Cun zhi,1999,正式出版 Formal
246,卫通村志 ,Weitong Cun zhi,2017,内部出版 Internal
247,亭北村志,Tingbei Cun zhi,2016,内部出版 Internal
248,东夏园村志,Dongxiayuan Cun zhi,2016,非正式出版物 Informal
249,北桥村志 ,Beiqiao Cun zhi,2015,非正式出版物 Informal
250,慧农村志,Huinong Cun zhi,2016,内部出版 Internal
251,双河村志,Shuanghe Cun zhi,2013,正式出版 Formal
252,金鸡台村志,Jinjitai Cun zhi,2016,正式出版 Formal
253,崧泽村志,Songze Cun zhi,2013,正式出版 Formal
254,亭东村志,Tingdong Cun zhi,2017,内部出版 Internal
255,民主村志,Minzhu Cun zhi,2016,内部出版 Internal
256,黄山店村志,Huangshandian Cun zhi,2015,内部出版 Internal
257,华一村志 ,Huayi Cun zhi,2003,正式出版 Formal
258,罗衙村志,Luoya Cun zhi,2014,非正式出版物 Informal
259,江头河村志,Jiangtouhe Cun zhi,2005,非正式出版物 Informal
260,钱桥村志,Qianqiao Cun zhi,2003,内部出版 Internal
261,寒王村志,Hanwang Cun zhi,2014,正式出版 Formal
262,新维村志,Xinwei Cun zhi,2014,正式出版 Formal
263,东张口村志,Dongzhangkou Cun zhi,2016,内部出版 Internal
264,长安村志,Chang’an Cun zhi,2003,非正式出版物 Informal
265,磁山村志,Cishan Cun zhi,1990,非正式出版物 Informal
266,洞阳观村志,Dongyangguan Cun zhi,2013,非正式出版物 Informal
267,晨钟村志,Chenzhong Cun zhi,2015,正式出版 Formal
268,北陈村志,Beichen Cun zhi,2011,非正式出版物 Informal
269,南坑村志,Nankeng Cun zhi,2014,内部出版 Internal
270,洞源村志,Dongyuan Cun zhi,1997,正式出版 Formal
271,东街村志,Dongjie Cun zhi,2016,正式出版 Formal
272,芙蓉村志,Furong Cun zhi,2012,非正式出版物 Informal
273,超墘村志,Chaoqian Cun zhi,2015,内部出版 Internal
274,怀德村志,Huaide Cun zhi,2007,正式出版 Formal
275,高家村志,Gaojia Cun zhi,2015,正式出版 Formal
276,大潘家村志,Dapanjia Cun zhi,2012,正式出版 Formal
277,东大寨村志,Dongdazhai Cun zhi,2013,正式出版 Formal
278,国际村志,Guoji Cun zhi,2016,正式出版 Formal
279,黑石头村志,Heishitou Cun zhi,2003,正式出版 Formal
280,北寨张村志,Beizhaizhang Cun zhi,2004,非正式出版物 Informal
281,碑登村志,Beideng Cun zhi,2003,正式出版 Formal
282,何麻车村志,Hemache cun zhi,1998,非正式出版物 Informal
283,固新村志,Guxin Cun zhi,2008,内部出版 Internal
285,土塘村志,Tutang Cun zhi,2013,内部出版 Internal
286,大井村志,Dajing Cun zhi,2008,非正式出版物 Informal
287,东方村志,Dongfang Cun zhi,2014,非正式出版物 Informal
288,枫树岗村志,Fengshugang Cun zhi,2015,正式出版 Formal
289,百胜村志,Baisheng Cun zhi,2008,非正式出版物 Informal
290,大板沟村志,Dabangou Cun zhi,2012,非正式出版物 Informal
291,官曲村志,Guanqu Cun zhi,2005,非正式出版物 Informal
292,凡村村志,Fan Cun cun zhi,2005,非正式出版物 Informal
293,碟子沟村志,Diezigou Cun zhi,2016,正式出版 Formal
294,北沙坡村志,Beishapo Cun zhi,2011,正式出版 Formal
295,何家楼村志,Hejialou Cun zhi,2008,非正式出版物 Informal
296,大省村志,Dasheng Cun zhi,2006,正式出版 Formal
297,册井村志,Cejing Cun zhi,2002,正式出版 Formal
298,葛富村志,Gefu Cun zhi,2005,内部出版 Internal
299,衙门村志,Yamen Cun zhi,2006,正式出版 Formal
300,斗门村志,Doumen Cun zhi,1993,非正式出版物 Informal
301,长山村志,Changshan Cun zhi,1992,非正式出版物 Informal
302,南关村志,Nanguan Cun zhi,1989,非正式出版物 Informal
303,陈屯村志,Chentun Cun zhi,2008,内部出版 Internal
304,东岐村志,Dongqi Cun zhi,1998,正式出版 Formal
305,港西村志,Gangxi Cun zhi,1999,非正式出版物 Informal
306,大英村志,Daying Cun zhi,2013,内部出版 Internal
307,方家岙村志,Fangjia’ao Cun zhi,2017,非正式出版物 Informal
309,开弦弓村志,Kaixiangong Cun zhi,2015,正式出版 Formal
310,李家桑园村志,Lijiasangyuan Cun zhi,2003,正式出版 Formal
312,红星村志,Hongxing Cun zhi,2009,内部出版 Internal
313,刘集村志,Liuji Cun zhi,2014,非正式出版物 Informal
314,凌塘村志,Lingtang Cun zhi,2015,非正式出版物 Informal
315,花沟王村志,Huagouwang Cun zhi,2016,非正式出版物 Informal
316,黄岗村志,Huanggang Cun zhi,1999,正式出版 Formal
317,八岔赫哲族村志,BachaHezhe Zu Cun zhi,2017,非正式出版物 Informal
318,柳林屯村志(征求意见稿),Liulintun Cun zhi (zheng qiu yi jian gao),1994,非正式出版物 Informal
319,花园关村志,Huayuanguan Cun zhi,2015,非正式出版物 Informal
320,金沙村志,Jinsha Cun zhi,2016,内部出版 Internal
321,巨口铺村志,Jukoupu Cun zhi,2016,非正式出版物 Informal
322,后楼村志,Houlou Cun zhi,2014,非正式出版物 Informal
323,荒里村志,Huangli Cun zhi,1998,非正式出版物 Informal
324,大张营村志,DaZhangying Cun zhi,2010,正式出版 Formal
325,河西村志,Hexi Cun zhi,2003,非正式出版物 Informal
326,江桃村志,Jiangtao Cun zhi,2012,正式出版 Formal
327,四台子村志,Sitaizi Cun zhi,2017,内部出版 Internal
329,后三羊头村志,Housanyangtou Cun zhi,2012,正式出版 Formal
330,庙东村志,Miaodong Cun zhi,2016,非正式出版物 Informal
331,茅岗村志,Maogang Cun zhi,2008,非正式出版物 Informal
332,近江村志,Jinjiang Cun zhi,1991,内部出版 Internal
333,柳树林村村志,Liushulin Cun cun zhi,2013,非正式出版物 Informal
334,灵岩村志,Lingyan Cun zhi,2010,内部出版 Internal
335,吉安城村志,Ji’ancheng Cun zhi,2015,正式出版 Formal
336,常青村志续编,Changqing Cun zhi xu bian,1993,非正式出版物 Informal
337,李巷村志,Lixiang Cun zhi,2015,正式出版 Formal
338,麻扎村志,Mazha Cun zhi,2017,正式出版 Formal
339,旧泉坊村志,Jiuquanfang Cun zhi,2016,正式出版 Formal
340,建河村志,Jianhe Cun zhi,2013,非正式出版物 Informal
341,旧尉屯村志,Jiuweitun Cun zhi,2010,正式出版 Formal
342,李家沟村志,Lijiagou Cun zhi,2013,正式出版 Formal
343,梁官村志,Liangguan Cun zhi,2002,内部出版 Internal
344,环湖村志,Huanhu Cun zhi,2009,正式出版 Formal
345,辉河村志,Huihe Cun zhi,2011,正式出版 Formal
346,胡干城村志,Hugancheng Cun zhi,2007,非正式出版物 Informal
347,北甸西村志,Beidianxi Cun zhi,2012,非正式出版物 Informal
348,尖山下村志,Jianshanxia Cun zhi,1993,正式出版 Formal
349,后蚂虹嘴村志,Houmahongzui Cun zhi,1992,内部出版 Internal
350,蒋家村志,Jiangjia Cun zhi,2005,非正式出版物 Informal
351,雷家崄村志,Leijiaxian Cun zhi,2008,正式出版 Formal
352,合兴村志,Hexing Cun zhi,2011,非正式出版物 Informal
353,西街志,Xi Jie zhi,2000,正式出版 Formal
354,花园岗村志,Huayuangang Cun zhi,2007,非正式出版物 Informal
355,孟石岗村志,Mengshigang Cun zhi,2004,正式出版 Formal
356,西水头村志,Xishuitou Cun zhi,2011,正式出版 Formal
357,义东沟村志,Yidonggou Cun zhi,2011,正式出版 Formal
358,丰盈村志,Fengying Cun zhi,2011,非正式出版物 Informal
359,新塘村志,Xintang Cun zhi,2006,非正式出版物 Informal
360,沙富村志,Shafu Cun zhi,2010,非正式出版物 Informal
361,黄洞村志,Huangdong Cun zhi,2011,正式出版 Formal
362,元岗村志,Yuan’gang Cun zhi,2007,非正式出版物 Informal
363,黄村村志,Huang Cun cun zhi,2008,非正式出版物 Informal
364,官井头村志,Guanjingtou Cun zhi,2008,正式出版 Formal
365,珠村村志,Zhu Cun cun zhi,2007,非正式出版物 Informal
366,分将池村志,Fenjiangchi Cun zhi,2006,正式出版 Formal
367,白石厦村志,Baishixia Cun zhi,2011,正式出版 Formal
368,油甘埔村志,Youganpu Cun zhi,2006,正式出版 Formal
369,尚介村志,Shangjie Cun zhi,2011,内部出版 Internal
370,关址村志,Guanzhi Cun zhi,2011,正式出版 Formal
371,南程村志,Nancheng Cun zhi,2010,内部出版 Internal
372,北洼村志,Beiwa Cun zhi,2007,非正式出版物 Informal
373,李袁村志,Liyuan Cun zhi,2012,正式出版 Formal
374,李沟头村志,Ligoutou Cun zhi,2013,正式出版 Formal
375,三勤村志,Sanqin Cun zhi,2012,正式出版 Formal
376,林城村志,Lincheng Cun zhi,2014,正式出版 Formal
377,横山村志,Hengshan Cun zhi,2013,内部出版 Internal
378,马店村志,Madian Cun zhi,2004,内部出版 Internal
379,群丰村志,Qunfeng Cun zhi,2004,非正式出版物 Informal
380,桥北村志,Qiaobei Cun zhi,2010,正式出版 Formal
381,马家疃村志,Majiatuan Cun zhi,2017,正式出版 Formal
382,盘石村志,Panshi Cun zhi,1997,非正式出版物 Informal
383,清河村志,Qinghe Cun zhi,1997,正式出版 Formal
384,坡底村志,Podi Cun zhi,2011,非正式出版物 Informal
385,七一村志,Qiyi Cun zhi,2012,内部出版 Internal
386,乔家辿村志,Qiaojiazhan cun zhi,2016,非正式出版物 Informal
387,南山村志,Nanshan Cun zhi,2017,正式出版 Formal
388,龙头村志,Longtou Cun zhi,2011,正式出版 Formal
389,乔李村志,Qiaoli Cun zhi,2017,正式出版 Formal
390,秦霸岭村志,Qinbaling Cun zhi,2007,非正式出版物 Informal
391,卢家巷村志,Lujiaxiang Cun zhi,2016,正式出版 Formal
392,沙河岸村志,Shahe’an Cun zhi,2014,正式出版 Formal
393,北皋村志,Beigao Cun zhi,2010,非正式出版物 Informal
394,庆丰村志,Qingfeng Cun zhi,2011,正式出版 Formal
395,右营村志,Youying Cun zhi,2015,正式出版 Formal
396,毛俊村志,Maojun Cun zhi,2008,非正式出版物 Informal
397,七里铺村志,Qilipu Cun zhi,2012,非正式出版物 Informal
398,南崖村志,Nanya Cun zhi,2010,正式出版 Formal
399,南湾村志,Nanwan Cun zhi,2014,非正式出版物 Informal
400,马头溪村志,Matouxi Cun zhi,2017,正式出版 Formal
401,南东坊村志,Nandongfang Cun zhi,2006,非正式出版物 Informal
402,商相村志,Shangxiang Cun zhi,1994,正式出版 Formal
404,漫水村志,Manshui Cun zhi,2008,正式出版 Formal
405,南山村志,Nanshan Cun zhi,1996,非正式出版物 Informal
406,李庄村志,Lizhuang Cun zhi,1992,非正式出版物 Informal
407,聂寨村志,Niezhai Cun zhi,2002,正式出版 Formal
408,龙門村志,Longmen Cun zhi,1991,正式出版 Formal
409,桥塘村志,Qiaotang Cun zhi,1999,非正式出版物 Informal
411,施厚村志,Shihou Cun zhi,2016,正式出版 Formal
412,牛头镇村志,Niutouzhen Cun zhi,1998,非正式出版物 Informal
413,三寨村志,Sanzhai Cun zhi,2014,正式出版 Formal
414,南坡湾村志,Nanpowan Cun zhi,2014,非正式出版物 Informal
415,南庄村志,Nanzhuang Cun zhi,1993,正式出版 Formal
416,潘山村志,Panshan Cun zhi,2003,非正式出版物 Informal
417,罗岗村志,Luogang Cun zhi,2003,内部出版 Internal
418,平羌村志,Pingqiang Cun zhi,2009,内部出版 Internal
419,南五里堡村志,Nanwulipu Cun zhi,1999,正式出版 Formal
420,荃步村志,Quanbu Cun zhi,2015,非正式出版物 Informal
421,牛宅村志,Niuzhai Cun zhi,2008,非正式出版物 Informal
422,看丹村志,Kandan Cun zhi,2011,非正式出版物 Informal
423,奶东村志,Naidong Cun zhi,2010,非正式出版物 Informal
424,新集村志,Xinji Cun zhi,2014,正式出版 Formal
425,夏雷村志,Xialei Cun zhi,2012,正式出版 Formal
427,宋京村志,Songjing Cun zhi,2010,内部出版 Internal
428,兴隆村志,Xinglong Cun zhi,2012,非正式出版物 Informal
429,苏卢村志,SuLu Cun zhi,2011,非正式出版物 Informal
430,石桥鲁道村志,Shiqiaoludao Cun zhi,2016,正式出版 Formal
431,水师营村志,Shuishiying Cun zhi,2011,正式出版 Formal
432,申家村志,Shenjia cun zhi,2016,正式出版 Formal
433,吴家村志,Wujia Cun zhi,2014,正式出版 Formal
434,下栅村志,Xiazha Cun zhi,2006,正式出版 Formal
435,土城子村志,Tuchengzi Cun zhi,2012,正式出版 Formal
436,兴围村志,Xingwei Cun zhi,2007,正式出版 Formal
437,五坝村志,Wuba Cun zhi,2004,非正式出版物 Informal
438,湾底村志,Wandi Cun zhi,1995,非正式出版物 Informal
439,史山村志,Shishan Cun zhi,2004,非正式出版物 Informal
440,新房村志,Xinfang Cun zhi,2012,非正式出版物 Informal
441,土山寺村志,Tushansi Cun zhi,2014,非正式出版物 Informal
442,西沟村志,Xigou Cun zhi,2012,正式出版 Formal
443,孙家湾村志,Sunjiawan Cun zhi,1990,非正式出版物 Informal
444,同心村志,Tongxin Cun zhi,2002,正式出版 Formal
445,文岙村志,Wenao Cun zhi,2006,正式出版 Formal
446,王寮村志,Wangliao Cun zhi,1989,非正式出版物 Informal
447,水磨湾村志,Shuimowan Cun zhi,2011,非正式出版物 Informal
448,铜井村志,Tongjing Cun zhi,2014,正式出版 Formal
449,渭二村志,Weier Cun zhi,2001,正式出版 Formal
450,古城营村志,Guchengying Cun zhi,2009,正式出版 Formal
451,万丰村志,Wanfeng Cun zhi,2002,正式出版 Formal
452,围头村志,Weitou Cun zhi,2005,非正式出版物 Informal
453,王道村志,Wangdao Cun zhi,2006,非正式出版物 Informal
454,水集二村志,Shuiji'ercun zhi,2010,正式出版 Formal
455,西关一村志,Xiguanyi Cun zhi,1998,正式出版 Formal
456,唐林村志,Tanglin Cun zhi,2008,内部出版 Internal
457,太各庄村志,Taigezhuang Cun zhi,2015,正式出版 Formal
458,鹿窝村志,Luwo Cun zhi,2013,内部出版 Internal
459,孙家小庄村志,Sunjiaxiaozhuang Cun zhi,2008,正式出版 Formal
460,大营村志,Daying Cun zhi,1990,正式出版 Formal
461,马溪村志,Maxi Cun zhi,2007,非正式出版物 Informal
462,棠下村志,Tangxia Cun zhi,2003,正式出版 Formal
463,小溪村志,Xiaoxi Cun zhi,2016,正式出版 Formal
464,沈岙村志,Shen’ao Cun zhi,2016,正式出版 Formal
465,象塘村志,Xiangtang Cun zhi,2000,非正式出版物 Informal
466,石鼓村志,Shigu Cun zhi,2014,正式出版 Formal
467,中曹村志,Zhongcao Cun zhi,2008,非正式出版物 Informal
468,树掌村志,Shuzhang Cun zhi,2010,内部出版 Internal
470,友爱村志,Youai Cun zhi,1996,正式出版 Formal
471,义安村志,Yian Cun zhi,1998,正式出版 Formal
472,堡城村志,Baocheng Cun zhi,2000,正式出版 Formal
473,义堂村志,Yitang Cun zhi,2012,正式出版 Formal
474,徐马村志,XuMa Cun zhi,2001,内部出版 Internal
475,祝甸村志,Zhudian Cun zhi,1995,非正式出版物 Informal
476,园中村志,Yuanzhong Cun zhi,2002,正式出版 Formal
477,鱼山村志,Yushan Cun zhi,2005,正式出版 Formal
478,羊家冲村志,Yangjiachong Cun zhi,1997,正式出版 Formal
479,营城子村志,Yingchengzi Cun zhi,2006,正式出版 Formal
480,新路村志,Xinlu Cun zhi,2016,正式出版 Formal
481,玉岩村志,Yuyan Cun zhi,2010,正式出版 Formal
482,新建村志,Xinjian Cun zhi,2002,正式出版 Formal
483,雄龙村志,Xionglong Cun zhi,2016,内部出版 Internal
484,薛家会村志,Xuejiahui Cun zhi,2011,非正式出版物 Informal
485,浔龙河村志,Xunlonghe Cun zhi,2015,非正式出版物 Informal
486,西跃村志,Xiyue Cun zhi,2012,内部出版 Internal
487,堡上村志,Baoshang Cun zhi,1996,内部出版 Internal
488,西中黄村志,Xizhonghuang Cun zhi,2010,正式出版 Formal
489,杲村村志,Gao Cun cun zhi,2016,正式出版 Formal
490,洋埭村志,Yangdai Cun zhi,2005,正式出版 Formal
491,小将村志,Xiaojiang Cun zhi,2010,正式出版 Formal
492,油坊村志,Youfang Cun zhi,2013,内部出版 Internal
493,友好村志,Youhao Cun zhi,2014,非正式出版物 Informal
494,枣牌刘村志,ZaopaiLiu Cun zhi,2016,正式出版 Formal
495,西齐永村志,Xiqiyong Cun zhi,2015,正式出版 Formal
496,龙塘村志,Longtang Cun zhi,2015,正式出版 Formal
497,新中村志,Xinzhong Cun zhi,2013,非正式出版物 Informal
498,枣烟村志,Zaoyan Cun zhi,2013,正式出版 Formal
499,走马塘村志,Zoumatang Cun zhi,2014,非正式出版物 Informal
500,西原村志,Xiyuan Cun zhi,2009,非正式出版物 Informal
501,元峰村志,Yuanfeng Cun zhi,2010,内部出版 Internal
502,窑坡村志,Yaopo Cun zhi,2004,正式出版 Formal
503,张家井村志,Zhangjiajing Cun zhi,2011,内部出版 Internal
504,南关村志,Nanguan Cun zhi,2013,正式出版 Formal
505,新塘下村志,Xintangxia Cun zhi,2011,内部出版 Internal
506,竹尾田村志,Zhuweitian Cun zhi,2008,正式出版 Formal
507,永丰村志,Yongfeng Cun zhi,2002,内部出版 Internal
508,寨子村志,Zhaizi Cun zhi,2003,内部出版 Internal
509,新堰村志,Xinyan Cun zhi,2010,正式出版 Formal
510,南岗村志,Nangang Cun zhi,2017,非正式出版物 Informal
511,西解甲庄村志,Xixiejiazhuang Cun zhi,2010,非正式出版物 Informal
512,薛肇村志,Xuezhao Cun zhi,2007,非正式出版物 Informal
513,洋澜村志,Yanglan Cun zhi,2017,内部出版 Internal
514,千秋村志,Qianqiu Cun zhi,2011,正式出版 Formal
515,仪张村志,Yizhang Cun zhi,2012,非正式出版物 Informal
516,诸葛村志,Zhuge Cun zhi,2013,正式出版 Formal
517,杨槐村志,Yanghuai Cun zhi,2017,正式出版 Formal
518,渔沙坦村志,Yushatan Cun zhi,2005,非正式出版物 Informal
519,清水村志,Qingshui Cun zhi,2007,内部出版 Internal
520,盐厂新村志,Yanchang Xincun zhi,2012,正式出版 Formal
521,后溪村志,Houxi Cun zhi,2012,非正式出版物 Informal
522,唐庄村志,Tangzhuang Cun zhi,2017,正式出版 Formal
523,新生村志,Xinsheng Cun zhi,2018,正式出版 Formal
524,荷花村志,Hehua Cun zhi,2018,正式出版 Formal
525,库勒村志,Kule Cun zhi,2009,非正式出版物 Informal
526,黄瓜山村志,Huangguashan Cun zhi,2018,正式出版 Formal
527,关里村志,Guanli Cun zhi,2016,非正式出版物 Informal
528,东龙村志,Donglong Cun zhi,2018,正式出版 Formal
529,黄家门村志,Huangjiamen Cun zhi,2018,正式出版 Formal
530,上棒村志,Shangbang Cun zhi,2017,内部出版 Internal
531,草陂村志,Caobei Cun zhi,2017,内部出版 Internal
532,兰英村志,Lanying Cun zhi,2017,正式出版 Formal
533,老观村志,Laoguan Cun zhi,2018,正式出版 Formal
534,黄里村志,Huangli Cun zhi,2017,正式出版 Formal
535,保冲村志,Baochong Cun zhi,2018,正式出版 Formal
536,海河湾村志,Haihewan Cun zhi,2011,非正式出版物 Informal
537,鸦鹊水村志,Yaqueshui Cun zhi,2018,正式出版 Formal
538,魁胆村志,Kuidan Cun zhi,2017,正式出版 Formal
539,莲花村志,Lianhua Cun zhi,2017,内部出版 Internal
540,红星村志,Hongxing Cun zhi,2017,正式出版 Formal
541,建设村志,Jianshe Cun zhi,2017,非正式出版物 Informal
542,庙坪村志,Miaoping Cun zhi,2017,非正式出版物 Informal
543,小湾村志,Xiaowan Cun zhi,2017,非正式出版物 Informal
544,新堤村志,Xindi Cun zhi,2018,正式出版 Formal
545,刘庄村志,Liuzhuang Cun zhi,2011,内部出版 Internal
546,王兰庄村志,Wanglanzhuang Cun zhi,2017,正式出版 Formal
547,临江村志,Linjiang Cun zhi,2017,非正式出版物 Informal
548,城畈村(社区)志,Chengfan Cun (she qu) zhi,2018,正式出版 Formal
549,柳树垭村志,Liushuya Cun zhi,2016,非正式出版物 Informal
550,大塘村志,Datang Cun zhi,2014,内部出版 Internal
551,双湖村志,Shuanghu Cun zhi,2000,非正式出版物 Informal
552,二龙村志,Erlong Cun zhi,2011,非正式出版物 Informal
553,旧居村志,Jiuju Cun zhi,2016,非正式出版物 Informal
554,左洼村志,Zuowa Cun zhi,2014,内部出版 Internal
555,中石村志,Zhongshi Cun zhi,2016,内部出版 Internal
556,郑村志,Zheng Cun zhi,2010,内部出版 Internal
557,沥坑刘村村志,Likeng Liu Cun cun zhi,2014,非正式出版物 Informal
558,稠泉村志,Chouquan Cun zhi,2008,非正式出版物 Informal
559,朱家港村志,Zhujiagang Cun zhi,2017,非正式出版物 Informal
560,川心堡村志,Chuanxinpu Cun zhi,2015,内部出版 Internal
561,代州营村志,Daizhouying Cun zhi,2011,非正式出版物 Informal
562,北陶村志,Bei ao Cun zhi,2017,内部出版 Internal
563,中桥村志,Zhongqiao Cun zhi,2009,非正式出版物 Informal
564,菜园头村志,Caiyuantou Cun zhi,2016,内部出版 Internal
565,凌庄子村志,Lingzhuangzi Cun zhi,2017,正式出版 Formal
566,马郡村志,Majun Cun zhi,2016,非正式出版物 Informal
567,虎牙滩村志,Huyatan Cun zhi,2013,内部出版 Internal
568,土艳村志,Tuyan Cun zhi,2011,非正式出版物 Informal
569,方村志,Fang Cun zhi,2012,内部出版 Internal
570,拱市村志,Gongshi Cun zhi,2017,正式出版 Formal
571,护城村志,Hucheng Cun zhi,2011,内部出版 Internal
572,冯村志,Feng Cun zhi,2007,内部出版 Internal
573,塘井村志,Tangjing Cun zhi,1997,非正式出版物 Informal
574,白杨源志,Baiyangyuan zhi,2004,非正式出版物 Informal
575,邢泉村志,Xingquan Cun zhi,2010,非正式出版物 Informal
576,张石村志,Zhangshi Cun zhi,2003,非正式出版物 Informal
577,青羊岗土家族村志,Qingyanggang Tujiazu Cun zhi,2017,正式出版 Formal
578,三山村志,Sanshan Cun zhi,2015,正式出版 Formal
579,殷山村村志,Yinshan Cun cun zhi,2016,内部出版 Internal
580,西南庄村志,Xinanzhuang Cun zhi,2011,非正式出版物 Informal
581,瓦子坪村志,Waziping Cun zhi,2016,非正式出版物 Informal
582,岔河村志,Chahe Cun zhi,2015,正式出版 Formal
583,三里亭村志,Sanliting Cun zhi,2017,非正式出版物 Informal
584,唐家坪村志,Tangjiaping Cun zhi,2017,非正式出版物 Informal
585,船石村志,Chuanshi Cun zhi,2017,非正式出版物 Informal
586,膏田村志,Gaotian Cun zhi,2016,内部出版 Internal
587,新屋咀村志,Xinwuju Cun zhi,2018,非正式出版物 Informal
588,石牌坊村志,Shipaifang Cun zhi,2016,非正式出版物 Informal
589,锁口村志,Suokou Cun zhi,2017,正式出版 Formal
590,惠农村志,Huinong Cun zhi,2015,非正式出版物 Informal
591,大板桥村志,Dabanqiao Cun zhi,2011,正式出版 Formal
592,大坝村志,Daba Cun zhi,2008,内部出版 Internal
593,大波那村志,Dabona Cun zhi,2008,正式出版 Formal
594,天马村志,Tianma Cun zhi,2005,非正式出版物 Informal
595,吴井村志,Wujing Cun zhi,2007,内部出版 Internal
596,新河村志,Xinhe Cun zhi,2006,非正式出版物 Informal
597,万沟村志,Wangou Cun zhi,2016,非正式出版物 Informal
598,四合村志,Sihe Cun zhi,2008,内部出版 Internal
599,石河村志,Shihe Cun zhi,2016,非正式出版物 Informal
600,乌木村村志,Wumu Cun cun zhi,2016,非正式出版物 Informal
601,肇兴村志,Zhaoxing Cun zhi,2018,正式出版 Formal
602,竹坪村志,Zhuping Cun zhi,2009,非正式出版物 Informal
603,竹山湾村志,Zhushanwan Cun zhi,2017,非正式出版物 Informal
604,石下村村志,Shixia Cun cun zhi,2016,非正式出版物 Informal
605,八角村志,Bajiao Cun zhi,2014,正式出版 Formal
606,北阁村志,Beige Cun zhi,2017,非正式出版物 Informal
607,白杜村村志,Baidu Cun cun zhi,2013,正式出版 Formal
608,大王村志,Dawang Cun zhi,2014,正式出版 Formal
609,长浜村志,Changbang Cun zhi,2016,内部出版 Internal
610,大茫村志,Damang Cun zhi,2017,内部出版 Internal
611,沉香村志,Chenxiang Cun zhi,2018,非正式出版物 Informal
612,东华村志,Donghua Cun zhi,2011,正式出版 Formal
613,大星村志,Daxing Cun zhi,2017,非正式出版物 Informal
614,成日村志,Chengri Cun zhi,2017,非正式出版物 Informal
615,谙正村志,Anzheng Cun zhi,2009,内部出版 Internal
616,安家皂村志,Anjiazao Cun zhi,2014,正式出版 Formal
617,安昌村志,Anchang Cun zhi,2015,内部出版 Internal
618,崔堡村志,Cuipu Cun zhi,2017,正式出版 Formal
619,仓场村志,Cangchang Cun zhi,2017,正式出版 Formal
620,程墩村志,Chengdun Cun zhi,2018,正式出版 Formal
621,仁里村志,Renli Cun zhi,2017,正式出版 Formal
622,下岗村志,Xiagang Cun zhi,2017,内部出版 Internal
623,北车营村志,Beicheying Cun zhi,2013,非正式出版物 Informal
624,獐岛村志,Zhangdao Cun zhi,2017,正式出版 Formal
625,邓一村志,Dengyi Cun zhi,2017,非正式出版物 Informal
626,竹元村志,Zhuyuan Cun zhi,2015,正式出版 Formal
627,长春村志,Changchun Cun zhi,2014,非正式出版物 Informal
628,林祠村村志,Linci Cun cun zhi,2015,非正式出版物 Informal
629,磅石村志,Bangshi Cun zhi,2011,非正式出版物 Informal
630,赵家村志,赵家村志,2006,内部出版 Internal
631,溪尾村志,Xiwei Cun zhi,2018,正式出版 Formal
632,八里湾村志,Baliwan Cun zhi,2014,正式出版 Formal
633,陈胡村志,ChenHu Cun zhi,2017,非正式出版物 Informal
634,上薛村志,Shangxue Cun zhi,2000,非正式出版物 Informal
635,党家村志,Dangjia Cun zhi,2017,非正式出版物 Informal
636,南宵村志,Nanxiao Cun zhi,2004,非正式出版物 Informal
637,镇丰村志,Zhenfeng Cun zhi,1999,内部出版 Internal
638,港中村志,Gangzhong Cun zhi,1998,非正式出版物 Informal
639,阳山村志,Yangshan Cun zhi,1990,非正式出版物 Informal
640,榜山村志,Bangshan Cun zhi,2008,非正式出版物 Informal
641,保卫村志,Baowei Cun zhi,2016,内部出版 Internal
642,后黄村志,Houhuang Cun zhi,2018,正式出版 Formal
643,北金召村志,Beijinzhao Cun zhi,2012,内部出版 Internal
644,度城村志,Ducheng Cun zhi,2017,正式出版 Formal
645,洞山村志,Dongshan Cun zhi,2017,正式出版 Formal
646,玉河村志,Yuhe Cun zhi,2005,内部出版 Internal
647,可邑彝族村志,Keyi Yizu Cun zhi,2001,内部出版 Internal
648,官渡社区志,Guandu she qu zhi,2018,正式出版 Formal
650,云溪永丰村志,Yunxi Yongfeng Cun zhi,2014,正式出版 Formal
651,周家村志,Zhoujia Cun zhi,2006,非正式出版物 Informal
652,小围埂村志,Xiaoweigeng Cun zhi,2011,正式出版 Formal
653,高镇村志,Gaozhen Cun zhi,2016,正式出版 Formal
654,官林村志,Guanlin Cun zhi,2016,内部出版 Internal
655,海星村志,Haixing Cun zhi,2014,正式出版 Formal
656,北关村志,Beiguan Cun zhi,2017,正式出版 Formal
658,义路村志,Yilu Cun zhi,2012,正式出版 Formal
659,邑等村志,Yideng Cun zhi,2012,内部出版 Internal
660,羊甫村志,Yangfu Cun zhi,2011,非正式出版物 Informal
662,东瓜地村志,Dongguadi Cun zhi,2013,非正式出版物 Informal
663,边院村志,Bianyuan Cun zhi,1998,内部出版 Internal
664,北安河村志,Beianhe Cun zhi,2011,非正式出版物 Informal
665,佰王刘村志,BaiwangLiu Cun zhi,2016,内部出版 Internal
666,可建村志,Kejian Cun zhi,2009,非正式出版物 Informal
667,白文村志,Baiwen Cun zhi,2001,内部出版 Internal
668,八仙庄村志,Baxianzhuang Cun zhi,2012,非正式出版物 Informal
669,西塘坨村志,Xitangtuo Cun zhi,2011,内部出版 Internal
670,北程庄村志,Beichengzhuang Cun zhi,2011,非正式出版物 Informal
671,顾家村志,Gujia Cun zhi,2017,非正式出版物 Informal
672,小南村志,Xiaonan Cun zhi,2009,正式出版 Formal
673,茶丰峡村志,Chafengxia Cun zhi,2012,内部出版 Internal
674,歌山村志,Geshan Cun zhi,2016,正式出版 Formal
675,大京村志,Dajing Cun zhi,2017,正式出版 Formal
676,南韩村志,NanHan Cun zhi,2017,正式出版 Formal
677,北关村志,Beiguan Cun zhi,2013,非正式出版物 Informal
678,后孙密城村志,Housunmicheng Cun zhi,2014,内部出版 Internal
679,西王曲村志,Xiwangqu Cun zhi,2016,非正式出版物 Informal
680,城北村志,Chengbei Cun zhi,1999,非正式出版物 Informal
681,白盆窑村志,Baipenyao Cun zhi,2012,非正式出版物 Informal
682,白和村志,Baihe Cun zhi,2018,正式出版 Formal
683,杜家堡村志,Dujiapu Cun zhi,2015,非正式出版物 Informal
684,杜山村志,Dushan Cun zhi,2017,内部出版 Internal
685,花胡庄村志,Huahuzhuang Cun zhi,2017,正式出版 Formal
686,小蒲水村志,Xiaopushui Cun zhi,2016,正式出版 Formal
687,杜羊圈村志,Duyangjuan Cun zhi,2008,非正式出版物 Informal
688,孤山村志,Gushan Cun zhi,2017,内部出版 Internal
689,北冯村志,Beifeng Cun zhi,2007,内部出版 Internal
690,巴洲村志,Bazhou Cun zhi,2016,非正式出版物 Informal
691,东马各庄村志,Dongmagezhuang Cun zhi,2011,非正式出版物 Informal
692,八间房村志,Bajianfang Cun zhi,2015,内部出版 Internal
693,北万山村志,Beiwanshan Cun zhi,2004,正式出版 Formal
694,东岭村志,Dongling Cun zhi,2017,正式出版 Formal
695,东石村志,Dongshi Cun zhi,2015,非正式出版物 Informal
696,北堆村志,Beidui Cun zhi,2011,非正式出版物 Informal
697,白庙村志,Baimiao Cun zhi,2011,非正式出版物 Informal
698,涧东村志,Jiandong Cun zhi,2008,内部出版 Internal
699,罗口村志,Luokou Cun zhi,2018,正式出版 Formal
700,古城村志,Gucheng Cun zhi,2018,正式出版 Formal
701,汤泉村志,Tangquan Cun zhi,2014,内部出版 Internal
702,半峪村志,Banyu Cun zhi,2004,非正式出版物 Informal
703,东庄村志,Dongzhuang Cun zhi,2012,内部出版 Internal
704,贾岗村志,Jiagang Cun zhi,2017,正式出版 Formal
705,曹家馆村志,Caojiaguan Cun zhi,2013,正式出版 Formal
706,北龙口村志,Beilongkou Cun zhi,2008,正式出版 Formal
707,古方村志,Gufang Cun zhi,2014,非正式出版物 Informal
708,观山村志,Guanshan Cun zhi,2014,正式出版 Formal
709,工农村志,Gongnong Cun zhi,2008,正式出版 Formal
710,国庆村志,Guoqing Cun zhi,2015,正式出版 Formal
711,北陈庄村志,BeiChenzhuang Cun zhi,2010,非正式出版物 Informal
712,北庄村志,Beizhuang Cun zhi,2013,内部出版 Internal
713,东二旗村志,Dong'erqi Cun zhi,2011,非正式出版物 Informal
714,黄山村志,Huangshan Cun zhi,1996,内部出版 Internal
715,北甸东村志,Beidiandong Cun zhi,2012,非正式出版物 Informal
716,[Bing]洲村志,[Bing]zhou Cun zhi,2010,非正式出版物 Informal
718,塘溪村志,Tangxi Cun zhi,2016,内部出版 Internal
719,蓝田村志,Lantian Cun zhi,2015,非正式出版物 Informal
720,段家寨村志,Duanjiazhai Cun zhi,2011,非正式出版物 Informal
721,温家川村志,Wenjiachuan Cun zhi,2014,非正式出版物 Informal
722,安仁村志,Anren Cun zhi,2018,正式出版 Formal
723,查王村志,Chawang Cun zhi,2011,正式出版 Formal
724,燃灯寺村志,Randengsi Cun zhi,2003,内部出版 Internal
725,长岭村志,Changling Cun zhi,2011,非正式出版物 Informal
726,草山岭村志,Caoshanling Cun zhi,2017,正式出版 Formal
727,大王岭村志,Dawangling Cun zhi,2015,非正式出版物 Informal
728,安家庄村志,Anjiazhuang Cun zhi,2015,非正式出版物 Informal
729,人民村志,Renmin Cun zhi,2017,非正式出版物 Informal
730,五龙村志,Wulong Cun zhi,2017,内部出版 Internal
731,中角村志,Zhongjiao Cun zhi,2014,非正式出版物 Informal
732,九保村志,Jiubao Cun zhi,2018,正式出版 Formal
733,森林村志,Senlin Cun zhi,2017,非正式出版物 Informal
734,白河村志,Baihe Cun zhi,2018,内部出版 Internal
735,凤凰村志,Fenghuang Cun zhi,2018,正式出版 Formal
736,北邵洼村志,Beishaowa Cun zhi,2013,非正式出版物 Informal
737,城一村志,Chengyi Cun zhi,1999,正式出版 Formal
738,北关村志,Beiguan Cun zhi,2009,非正式出版物 Informal
739,红星村志,Hongxing Cun zhi,2017,正式出版 Formal
740,民和村志,Minhe Cun zhi,2016,正式出版 Formal
741,北方平村志,Beifangping Cun zhi,2003,非正式出版物 Informal
742,文义村志,Wenyi Cun zhi,2013,非正式出版物 Informal
743,北齐村志,Beiqi Cun zhi,2007,非正式出版物 Informal
744,金星村志,Jinxing Cun zhi,2004,正式出版 Formal
745,韩圩村志,Hanwei Cun zhi,2017,正式出版 Formal
746,大陵村志,Daling Cun zhi,2007,内部出版 Internal
747,北桑鲁村志,BeiSangLu Cun zhi,2011,正式出版 Formal
748,三八村志,Sanba Cun zhi,2016,非正式出版物 Informal
749,梨花村志,Lihua Cun zhi,2015,正式出版 Formal
750,金鸭村村志,Jinya Cun cun zhi,2016,非正式出版物 Informal
751,江东村志,Jiangdong Cun zhi,2016,非正式出版物 Informal
752,铁门村志,Tiemen cun zhi,2015,非正式出版物 Informal
753,黄柳村志,Huangliu Cun zhi,2016,非正式出版物 Informal
754,乐乌村志,Lewu Cun zhi,2017,正式出版 Formal
755,六甲村志,Liujia Cun zhi,2007,内部出版 Internal
756,姜城村志,Jiangcheng Cun zhi,2016,非正式出版物 Informal
757,井溢村志,Jingyi Cun zhi,2017,正式出版 Formal
758,王梁村志,Wangliang Cun zhi,2011,非正式出版物 Informal
759,王家村志,Wangjia Cun zhi,2016,非正式出版物 Informal
760,梁家河村志,Liangjiahe Cun zhi,2007,非正式出版物 Informal
761,姚家弄村志,Yaojialong Cun zhi,2014,非正式出版物 Informal
762,新巷村志,Xinxiang Cun zhi,2014,非正式出版物 Informal
763,新卫村志,Xinwei Cun zhi,2018,正式出版 Formal
764,小圩村志,Xiaowei Cun zhi,2017,非正式出版物 Informal
765,贺北村志,Hebei Cun zhi,2016,正式出版 Formal
766,横沟村志,Henggou Cun zhi,2014,内部出版 Internal
767,群楼村志,Qunlou Cun zhi,2014,非正式出版物 Informal
768,温河村志,Wenhe Cun zhi,2016,内部出版 Internal
769,桑园村志,Sangyuan Cun zhi,2016,非正式出版物 Informal
770,长命水村志,Changmingshui Cun zhi,2013,正式出版 Formal
771,长湴村志,Changban Cun zhi,2004,正式出版 Formal
772,新塘村志,Xintang Cun zhi,2011,非正式出版物 Informal
773,富达畲村志,Fuda She Cun zhi,2003,非正式出版物 Informal
774,北年丰村志,Beinianfeng Cun zhi,2014,非正式出版物 Informal
775,崔各庄村志,Cuigezhuang Cun zhi,2010,非正式出版物 Informal
776,城西吕家村志,Chengxilüjia Cun zhi,2012,非正式出版物 Informal
777,城里村志,Chengli Cun zhi,2010,内部出版 Internal
778,马镇村志,Mazhen Cun zhi,2009,非正式出版物 Informal
779,岑村村志,Cen Cun cun zhi,2017,正式出版 Formal
780,北谷丰村志,Beigufeng Cun zhi,2014,内部出版 Internal
781,曹口村志,Caokou Cun zhi,2014,正式出版 Formal
782,车家下庄村志,Chejiaxiazhuang Cun zhi,2012,非正式出版物 Informal
783,城北村志,Chengbei Cun zhi,1991,非正式出版物 Informal
784,车陂村志,Chebei Cun zhi,2003,正式出版 Formal
785,北坡村志,Beipo Cun zhi,2011,内部出版 Internal
786,双生村志,Shuangsheng Cun zhi,2019,内部出版 Internal
787,路口村志,Lukou Cun zhi,2015,正式出版 Formal
788,茶塘村志,Chatang Cun zhi,2016,内部出版 Internal
789,东埔村志,Dongbu Cun zhi,2011,内部出版 Internal
790,新盛村志,Xinsheng Cun zhi,2007,正式出版 Formal
791,鞍山村志,Anshan Cun zhi,2017,正式出版 Formal
792,北固碾村志,Beigunian Cun zhi,2016,非正式出版物 Informal
793,曹各庄村志,Caogezhuang cun zhi,2010,非正式出版物 Informal
794,北马房村志,Beimafang Cun zhi,2009,非正式出版物 Informal
795,西小营村志,Xixiaoying Cun zhi,2009,非正式出版物 Informal
796,西贺家石村志,XiHejiashi Cun zhi,2002,内部出版 Internal
797,东小景村志,Dongxiaojing Cun zhi,2005,非正式出版物 Informal
798,旧飞鹅村志,Jiufeie Cun zhi,2012,非正式出版物 Informal
799,门头村志,Mentou Cun zhi,2009,非正式出版物 Informal
800,水朗村志,Shuilang Cun zhi,2013,非正式出版物 Informal
801,星光村志,Xingguang Cun zhi,2017,非正式出版物 Informal
802,北平村志,Beiping Cun zhi,2013,内部出版 Internal
803,北七家庄村志,Beiqijiazhuang Cun zhi,2011,非正式出版物 Informal
804,北岭头村志,Beilingtou Cun zhi,2018,正式出版 Formal
805,北台上村志,Beitaishang Cun zhi,2012,非正式出版物 Informal
806,一都村志,Yidu Cun zhi,2019,正式出版 Formal
807,水库村志,Shuiku Cun zhi,2018,内部出版 Internal
808,阮巷村志,Ruanxiang Cun zhi,2016,内部出版 Internal
809,沙坪寺村志,Shapingsi Cun zhi,2012,非正式出版物 Informal
810,讲武殿村志,Jiangwudian Cun zhi,2014,非正式出版物 Informal
811,党家庄村志,Dangjiazhuang Cun zhi,2006,非正式出版物 Informal
812,沙坝村志,Shaba Cun zhi,201-,非正式出版物 Informal
813,八方村志,Bafang Cun zhi,2009,非正式出版物 Informal
814,鳌头村志,Aotou Cun zhi,2015,非正式出版物 Informal
815,龙泉村志,Longquan Cun zhi,2010,正式出版 Formal
816,土堆村志,Tudui Cun zhi,2012,非正式出版物 Informal
818,东营村志,Dongying Cun zhi,2015,内部出版 Internal
819,北胡庄村志,BeiHuzhuang Cun zhi,2015,内部出版 Internal
820,白洋村志,Baiyang Cun zhi,2014,正式出版 Formal
821,慈峪村志,Ciyu Cun zhi,2010,非正式出版物 Informal
822,东白仓村志,Dongbaicang Cun zhi,2002,非正式出版物 Informal
823,福永村志,Fuyong Cun zhi,2011,正式出版 Formal
824,东八村村志,Dongba Cun cun zhi,2015,内部出版 Internal
825,东升村志,Dongsheng Cun zhi,2014,非正式出版物 Informal
826,东皇墓村志,Donghuangmu Cun zhi,2014,非正式出版物 Informal
827,营前村志,Yingqian Cun zhi,2017,非正式出版物 Informal
828,大谈村志,Datan Cun zhi,2014,非正式出版物 Informal
829,鸡翅岭村志,Jichiling Cun zhi,2017,非正式出版物 Informal
830,袁山贝村志,Yuanshanbei Cun zhi,2007,非正式出版物 Informal
831,沿南村志,Yannan Cun zhi,2017,非正式出版物 Informal
832,白坟村志,Baifen Cun zhi,2016,非正式出版物 Informal
833,营房村志,Yingfang Cun zhi,2018,内部出版 Internal
834,张桥村志,Zhangqiao Cun zhi,2015,内部出版 Internal
835,岸上村志,Anshang Cun zhi,2017,非正式出版物 Informal
836,枫深村志,Fengshen Cun zhi,2003,非正式出版物 Informal
839,赤水垟志,Chishuiyang zhi,2017,正式出版 Formal
840,侨乡村志,Qiaoxiang Cun zhi,2015,正式出版 Formal
841,北薛庄村志,BeiXuezhuang Cun zhi,2015,内部出版 Internal
842,美林村志,Meilin Cun zhi,2008,非正式出版物 Informal
843,蔡和村志,Caihe Cun zhi,2013,非正式出版物 Informal
844,十里·大桥村志,Shili Daqiao Cun zhi,2012,内部出版 Internal
845,峒峪村志,Dongyu Cun zhi,2009,内部出版 Internal
846,葭芦都三甲李氏村志,Jialu Du san jia Lishi Cun zhi,2011,非正式出版物 Informal
847,牛薛沟村志,Niuxuegou Cun zhi,2013,非正式出版物 Informal
848,邓村村志,Deng Cun cun zhi,2016,内部出版 Internal
849,碧龙村志,Bilong Cun zhi,2011,非正式出版物 Informal
850,永联村志,Yonglian Cun zhi,2017,内部出版 Internal
851,北焦村志,Beijiao Cun zhi,2014,内部出版 Internal
852,北海山村志,Beihaishan Cun zhi,2017,内部出版 Internal
853,坂田村志,Bantian Cun zhi,2015,正式出版 Formal
854,塘头村志,Tangtou Cun zhi,2012,内部出版 Internal
855,梨川村志,Lichuan Cun zhi,2008,内部出版 Internal
856,南皋村志,Nan'gao Cun zhi,2009,非正式出版物 Informal
857,下邽志村志,Xiagui zhi cun zhi,2014,非正式出版物 Informal
858,安善坊村志,Anshanfang Cun zhi,2014,非正式出版物 Informal
859,花乡葆台村志,Hua Xiang Baotai Cun zhi,2011,非正式出版物 Informal
860,二十里铺村志,Ershilipu Cun zhi,2014,正式出版 Formal
861,东山村志,Dongshan Cun zhi,2019,正式出版 Formal
862,王官屯村志,Wangguantun Cun zhi,2011,正式出版 Formal
863,戴湾村志,Daiwan Cun zhi,2016,非正式出版物 Informal
864,柳子圪旦村志,Liuzigedan Cun zhi,2012,正式出版 Formal
865,理家庄村志,Lijiazhuang Cun zhi,2004,正式出版 Formal
866,小车村志,Xiaoche Cun zhi,2016,正式出版 Formal
867,同阁村志,Tongge Cun zhi,2015,内部出版 Internal
868,上柳源村志,Shangliuyuan Cun zhi,2015,非正式出版物 Informal
869,库城村志,Kucheng Cun zhi,2015,内部出版 Internal
870,崔家沟村志,Cuijiagou Cun zhi,2011,内部出版 Internal
871,堆谷山村志,Duigushan Cun zhi,2018,正式出版 Formal
872,三房巷村志,Sanfangxiang Cun zhi,2018,正式出版 Formal
873,余川村志,Yuchuan Cun zhi,2004,非正式出版物 Informal
874,大打白狐村志,Dadabaihu Cun zhi,2013,非正式出版物 Informal
875,海口里仁村志,Haikou Liren Cun zhi,2019,正式出版 Formal
876,永清村志,Yongqing Cun zhi,2009,非正式出版物 Informal
877,杨沟湾村志,Yanggouwan Cun zhi,2018,内部出版 Internal
878,姜湾村志,Jiangwan Cun zhi,2015,内部出版 Internal
879,恬庄村志,Tianzhuang Cun zhi,2018,正式出版 Formal
880,新海坝村志,Xinhaiba Cun zhi,2018,正式出版 Formal
881,后山村志,Houshan Cun zhi,2004,非正式出版物 Informal
882,桃子溪村志,Taozixi Cun zhi,2017,非正式出版物 Informal
883,栗子坪村志,Liziping Cun zhi,2018,正式出版 Formal
884,栗林河村志,Lilinhe Cun zhi,2018,非正式出版物 Informal
885,歙县三阳村志,She Xian Sanyang Cun zhi,2018,正式出版 Formal
886,大峡谷村志,Daxiagu Cun zhi,2017,正式出版 Formal
887,胡家坟村志,Hujiafen Cun zhi,2018,正式出版 Formal
888,云家码头村志,Yunjiamatou Cun zhi,2013,内部出版 Internal
889,杓袁村志,Shaoyuan cun zhi,2017,非正式出版物 Informal
890,西河村志,Xihe Cun zhi,2011,正式出版 Formal
891,昝村志,Zan Cun zhi,2013,内部出版 Internal
892,良陌村志,Liangmo Cun zhi,2011,内部出版 Internal
893,东桃村志,Dongtao Cun zhi,2016,正式出版 Formal
894,小㘵村志,Xiaobu Cun zhi,2016,非正式出版物 Informal
895,祝陵村志,Zhuling Cun zhi,2019,正式出版 Formal
896,西九水村志,Xijiushui Cun zhi,2014,内部出版 Internal
897,高拱桥村志,Gaogongqiao Cun zhi,2018,正式出版 Formal
898,大白登村志,Dabaideng Cun zhi,2013,内部出版 Internal
899,放羊坪村志,Fangyangping Cun zhi,2018,非正式出版物 Informal
900,欧桥村志,Ouqiao Cun zhi,2018,正式出版 Formal
901,钱家山村志,Qianjiashan Cun zhi,2003,非正式出版物 Informal
902,陈家墕村志,Chenjiayan Cun zhi,2010,非正式出版物 Informal
903,木头峪村志,Mutouyu Cun zhi,2017,内部出版 Internal
904,大胜村志,Dasheng Cun zhi,2018,内部出版 Internal
905,西上庄村志,Xishangzhuang Cun zhi,2004,非正式出版物 Informal
906,龙泉村志,Longquan Cun zhi,2016,内部出版 Internal
907,黄家崴子村志,Huangjiawaizi Cun zhi,2017,非正式出版物 Informal
908,黄岭村志,Huangling Cun zhi,2014,正式出版 Formal
909,西水磨村志,Xishuimo Cun zhi,2010,非正式出版物 Informal
910,江浦村志,Jiangpu Cun zhi,2018,正式出版 Formal
911,张家塔村志,Zhangjiata Cun zhi,2016,非正式出版物 Informal
912,渡桥村志,Duqiao Cun zhi,2019,正式出版 Formal
913,西台村志,Xitai Cun zhi,2011,非正式出版物 Informal
914,吴兴村志,Wuxing Cun zhi,2014,内部出版 Internal
915,桃王庄村志,TaoWangzhuang Cun zhi,2015,正式出版 Formal
916,上鲁塘村志,Shanglutang Cun zhi,2017,非正式出版物 Informal
917,安乐村志,Anle Cun zhi,2017,正式出版 Formal
918,赵官屯村志,Zhaoguantun Cun zhi,2019,非正式出版物 Informal
919,劳动村志,Laodong Cun zhi,2012,非正式出版物 Informal
920,和平村志,Heping Cun zhi,2016,内部出版 Internal
921,桂南村志,Guinan Cun zhi,2014,正式出版 Formal
922,建农村志,Jiannong Cun zhi,2016,内部出版 Internal
923,王安堡村志,Wang'anbu Cun zhi,2015,正式出版 Formal
924,川口村志,Chuankou Cun zhi,2012,正式出版 Formal
925,上官村志,Shangguan Cun zhi,2019,正式出版 Formal
926,东六合村志,Dongliuhe Cun zhi,2017,正式出版 Formal
927,光明村志,Guangming Cun zhi,2014,正式出版 Formal
928,甲岸村志,Jiaan Cun zhi,2017,正式出版 Formal
929,赵村村志,Zhao Cun cun zhi,2018,非正式出版物 Informal
930,兴朱村志,XingZhu Cun zhi,1993,正式出版 Formal
931,小许庄村志,XiaoXuzhuang Cun zhi,2015,非正式出版物 Informal
932,邢庄村志,Xingzhuang Cun zhi,2015,正式出版 Formal
933,无为庄村志,Wuweizhuang Cun zhi,2015,正式出版 Formal
934,微水村志,Weishui Cun zhi,2005,正式出版 Formal
935,拦车村志,Lanche Cun zhi,2007,正式出版 Formal
936,蒋庄村志,Jiangzhuang Cun zhi,2016,内部出版 Internal
937,赤社村志,Chishe Cun zhi,2009,非正式出版物 Informal
938,交丙坛村志,Jiaobingtan Cun zhi,1998,非正式出版物 Informal
939,邢寨村志,Xingzhai Cun zhi,1997,内部出版 Internal
940,西林西村志,Xilinxi Cun zhi,2006,非正式出版物 Informal
941,金红村志,Jinhong Cun zhi,2017,非正式出版物 Informal
942,西古现村志,Xiguxian Cun zhi,2000,非正式出版物 Informal
943,崔家庄村志,Cuijiazhuang Cun zhi,2006,正式出版 Formal
944,聪子峪村志,Congziyu Cun zhi,2014,正式出版 Formal
945,大北村志,Dabei Cun zhi,2014,正式出版 Formal
946,金建村志,Jinjian Cun zhi,2017,正式出版 Formal
947,大望京村志,Dawangjing Cun zhi,2011,非正式出版物 Informal
949,西王村志,Xiwang Cun zhi,2011,正式出版 Formal
950,西马村志,Xima Cun zhi,2008,内部出版 Internal
951,两坂村志,Liangban Cun zhi,2006,内部出版 Internal
952,李堡村志,Lipu Cun zhi,2011,非正式出版物 Informal
953,后郭村志,Houguo Cun zhi,2018,正式出版 Formal
954,辛庄村志,Xinzhuang Cun zhi,2008,非正式出版物 Informal
955,和平村志,Heping Cun zhi,2007,正式出版 Formal
956,城南村志,Chengnan Cun zhi,2007,非正式出版物 Informal
957,城东村志,Chengdong Cun zhi,1996,非正式出版物 Informal
958,城内村志,Chengnei Cun zhi,2008,正式出版 Formal
959,潢涌村志,Huangchong Cun zhi,2010,正式出版 Formal
960,环山村志,Huanshan Cun zhi,2008,非正式出版物 Informal
961,西董铺村志,XiDongpu Cun zhi,2017,非正式出版物 Informal
962,冼村村志,Xian Cun cun zhi,2008,非正式出版物 Informal
963,楚寨村志,Chuzhai Cun zhi,2016,正式出版 Formal
964,鱼河湾村志,Yuhewan Cun zhi,2013,非正式出版物 Informal
965,崔楼村志,Cuilou Cun zhi,2015,内部出版 Internal
966,酒务村志,Jiuwu Cun zhi,2001,非正式出版物 Informal
967,卜居头村志,Bujutou Cun zhi,2016,非正式出版物 Informal
968,保宁村志,Baoning Cun zhi,2016,非正式出版物 Informal
969,南窑头村志,Nanyaotou Cun zhi,2018,非正式出版物 Informal
970,涧塘村志,Jiantang Cun zhi,2018,非正式出版物 Informal
971,朱麻硷村志,Zhumajian Cun zhi,2018,非正式出版物 Informal
972,李街村志,Lijie Cun zhi,2014,非正式出版物 Informal
974,箭泾村志,Jianjing Cun zhi,2017,正式出版 Formal
975,崔庄村志,Cuizhuang Cun zhi,2016,非正式出版物 Informal
976,陈堡村志,Chenbao Cun zhi,2016,正式出版 Formal
977,郑各庄村志,Zhenggezhuang Cun zhi,2010,非正式出版物 Informal
978,驼房营村志,Tuofangying Cun zhi,2009,非正式出版物 Informal
979,四合庄村志,Sihezhuang Cun zhi,2009,非正式出版物 Informal
980,卢沟桥村志,Lugouqiao Cun zhi,2009,非正式出版物 Informal
981,广川街村志,Guangchuanjie Cun zhi,2016,正式出版 Formal
982,车厂村志,Chechang Cun zhi,2017,正式出版 Formal
983,兴复村志,Xingfu Cun zhi,2017,正式出版 Formal
984,黄皮村志,Huangpi Cun zhi,2017,非正式出版物 Informal
986,大楚留村志,Dachuliu Cun zhi,2014,非正式出版物 Informal
987,华新村志,Huaxin Cun zhi,2008,非正式出版物 Informal
988,老道井村志,Laodaojing Cun zhi,2014,内部出版 Internal
989,新新村志,Xinxin Cun zhi,2017,内部出版 Internal
990,城子村志,Chengzi Cun zhi,2012,非正式出版物 Informal
991,花园村志,Huayuan Cun zhi,2017,正式出版 Formal
992,故城村志,Gucheng Cun zhi,2015,正式出版 Formal
993,都康村志,Dukang Cun zhi,2015,非正式出版物 Informal
994,廖家林村志,Liaojialin Cun zhi,2018,非正式出版物 Informal
995,关虎屯村志,Guanhutun Cun zhi,2009,正式出版 Formal
996,江姐村志,Jiangjie Cun zhi,2017,非正式出版物 Informal
997,葛寨村志,Gezhai Cun zhi,2017,非正式出版物 Informal
998,崔家村志,Cuijia Cun zhi,2014,正式出版 Formal
999,篁墩村志,Huangdun Cun zhi,2019,正式出版 Formal
1000,兰寨村志,Lanzhai Cun zhi,2014,非正式出版物 Informal
