村志代码 Gazetteer Code,村志书名 Gazetteer Title,海拔 (米) Altitude,平均降水量单位 Average Yearly Precipitation Unit,平均降水量 Average Yearly Precipitation Amount,平均温度单位 Average Yearly Temperature Unit,平均温度 Average Yearly Temperature
1,太平店村志,n/a,毫米 millimeter,700,°C,14
3,马鞭田村志,1225,毫米 millimeter,1279.8,°C,15
4,万秀村志,n/a,毫米 millimeter,1310,°C,21.6
5,光淀村志,n/a,毫米 millimeter,529.7,°C,12.2
6,方等村志,61,没有相关数据 No Available Data,n/a,°C,12.7
7,渔津洼村志,n/a,毫米 millimeter,543.6,°C,11.5
8,板板桥村志,1600,毫米 millimeter,2963,°C,15.7
9,仓上村志,n/a,毫米 millimeter,534.7,°C,13
10,草场地村志,n/a,毫米 millimeter,600,没有相关数据 No Available Data,n/a
11,桥梓村志,n/a,毫米 millimeter,1790,°C,22
12,东侯坊村志,n/a,毫米 millimeter,480,没有相关数据 No Available Data,n/a
13,黄土岗村志,n/a,毫米 millimeter,210.7,°C,13.7
14,桑耳庄村志,n/a,毫米 millimeter,500,°C,12
16,上梅林村志,n/a,毫米 millimeter,1948.4,°C,22.4
17,单家村村志,34.3,毫米 millimeter,644.2,°C,11.4
18,生产村志,n/a,毫米 millimeter,865.4,°C,11.6
19,树园村志,n/a,毫米 millimeter,1171.7,没有相关数据 No Available Data,n/a
20,西黄村村志,n/a,毫米 millimeter,569.4,没有相关数据 No Available Data,n/a
21,张坊村志,n/a,毫米 millimeter,650,没有相关数据 No Available Data,n/a
22,张家圩子村志,n/a,毫米 millimeter,710,°C,13.2
23,凤池村志,128,毫米 millimeter,1660,°C,19.3
24,楼村志,n/a,毫米 millimeter,1926.7,°C,22
26,孟莲村志,n/a,毫米 millimeter,1217.9,°C,21.8
29,刘国忠村志,n/a,毫米 millimeter,400,没有相关数据 No Available Data,n/a
30,管元村志,1350,毫米 millimeter,1365,°C,14
31,南凤山村志,n/a,毫米 millimeter,571.5,°C,13.2
32,井亭村志,n/a,毫米 millimeter,1114.7,°C,15.5
34,胡家村志,n/a,毫米 millimeter,570.4,°C,5.7
35,洪塘头村志,n/a,毫米 millimeter,1411,°C,21
36,周家巷村志,n/a,毫米 millimeter,1000,°C,15.5
37,联盟村志,n/a,毫米 millimeter,679.1,°C,13.45
40,金家坪村志,n/a,毫米 millimeter,1348.3,°C,16.7
41,博潭村志,33,毫米 millimeter,1750,°C,23.5
42,新桥村志,n/a,没有相关数据 No Available Data,n/a,°C,16
44,大吕庄村志,53,毫米 millimeter,634.3,°C,13.7
45,定安村志,1357,没有相关数据 No Available Data,n/a,没有相关数据 No Available Data,n/a
47,冯桥村志,n/a,没有相关数据 No Available Data,n/a,°C,16.18
48,小瓦窑村志,88.5,没有相关数据 No Available Data,n/a,°C,11.8
49,富强村志,20,毫米 millimeter,1434.2,°C,16.4
52,郭家沟村,n/a,毫米 millimeter,685.7,°C,10.25
53,牟家村志,4.5,毫米 millimeter,1000,°C,15.9
54,西官庄村志,n/a,毫米 millimeter,588.6,°C,13.5
56,沐陂村志,n/a,毫米 millimeter,1630,°C,13.5
58,袁家沟村志,n/a,毫米 millimeter,592.8,°C,10
59,云水村志,n/a,毫米 millimeter,646.6,°C,15.6
61,西高庄村志,n/a,毫米 millimeter,550,°C,12
62,新华村志,22,没有相关数据 No Available Data,n/a,没有相关数据 No Available Data,n/a
63,盘山村志,680,毫米 millimeter,500,°C,12
64,三路居村志,43,没有相关数据 No Available Data,n/a,没有相关数据 No Available Data,n/a
67,西洞头村志,n/a,毫米 millimeter,503.6,°C,13
69,五一村志,375,没有相关数据 No Available Data,n/a,没有相关数据 No Available Data,n/a
70,乌玉村志,n/a,毫米 millimeter,500,°C,9
71,前夹山村志,n/a,毫米 millimeter,568.2,°C,10.7
72,浦联村志,n/a,没有相关数据 No Available Data,n/a,°C,16
74,上东廓村志,n/a,毫米 millimeter,550.3,°C,11.8
75,琴湖村志,n/a,毫米 millimeter,1083.4,没有相关数据 No Available Data,n/a
76,沁水营村志,20.9,毫米 millimeter,559.6,°C,11.6
77,三洋村志,n/a,毫米 millimeter,566.3,°C,10.2
78,三八里村志,n/a,毫米 millimeter,552.4,°C,10.3
80,新店村志,n/a,毫米 millimeter,584.9,没有相关数据 No Available Data,n/a
82,北良侯村志,n/a,没有相关数据 No Available Data,n/a,°C,8.1
83,柏沟村志,n/a,毫米 millimeter,659.7,°C,11
84,三力村志,n/a,没有相关数据 No Available Data,n/a,°C,20.1
85,马鼻方志,n/a,毫米 millimeter,1600,°C,21.4
87,坦头村志,n/a,毫米 millimeter,1530,没有相关数据 No Available Data,n/a
88,传字营村志,3.5,毫米 millimeter,551.7,°C,11.9°
91,福保村志,1887,毫米 millimeter,1006.5,°C,14.67
92,上南村志,n/a,毫米 millimeter,1500,没有相关数据 No Available Data,n/a
93,霍庄子村志,n/a,毫米 millimeter,490.02,°C,11.1
94,长畛村志,n/a,没有相关数据 No Available Data,n/a,没有相关数据 No Available Data,n/a
95,大河村志,n/a,毫米 millimeter,1156,°C,17
96,大蒋庄村志,n/a,毫米 millimeter,584.6,°C,11.6
97,插旗山村志,n/a,毫米 millimeter,1100,°C,16.6
98,福德村志,1894,毫米 millimeter,1170,°C,21
99,银桥村村志,2040,没有相关数据 No Available Data,n/a,°C,15
100,崖堡村志,1748,没有相关数据 No Available Data,n/a,没有相关数据 No Available Data,n/a
113,东古城村志,1757,没有相关数据 No Available Data,n/a,没有相关数据 No Available Data,n/a
115,荷湖村志,n/a,毫米 millimeter,1434.2,°C,16.4
116,青峰村志,n/a,毫米 millimeter,856.7,°C,16.5
117,正蓝前二村志,117.8,毫米 millimeter,490,没有相关数据 No Available Data,n/a
119,三堰埫村志,650,毫米 millimeter,1200,°C,16.5
121,马村志,n/a,毫米 millimeter,1417.8,没有相关数据 No Available Data,n/a
123,小三家子村志,n/a,毫米 millimeter,532,°C,-0.4
124,复兴村志,2200,毫米 millimeter,280,°C,5.9
125,长见村志,n/a,毫米 millimeter,1391,°C,16.8
126,文大村志,n/a,毫米 millimeter,1417.8,°C,23.5
127,浪营村志,n/a,没有相关数据 No Available Data,n/a,°C,5.7
128,白沙村志,n/a,毫米 millimeter,1890,°C,16.2
129,高庙村志,1940,毫米 millimeter,335.4,°C,7.5
130,起台堡村志,2920,没有相关数据 No Available Data,n/a,没有相关数据 No Available Data,n/a
134,梁堡村志,n/a,毫米 millimeter,520,°C,5.6
135,苏波盖村志,n/a,毫米 millimeter,399.8,°C,6.9
136,丹村志,n/a,没有相关数据 No Available Data,n/a,°C,25
137,菖蒲塘村志,n/a,毫米 millimeter,1308.1,°C,15.9
138,东颜村志,680,没有相关数据 No Available Data,n/a,没有相关数据 No Available Data,n/a
139,魁胆村志(送审稿),n/a,毫米 millimeter,1200,°C,15
140,隆里所村志,450,毫米 millimeter,1200,°C,17
141,大三家村志,n/a,毫米 millimeter,359,°C,7
142,纳家户村志,1122,毫米 millimeter,202.4,°C,8.6
144,上庄村志,n/a,没有相关数据 No Available Data,n/a,°C,16
145,宝狮村志,n/a,毫米 millimeter,884.6,°C,15.9
146,凤凰庙村志,545,毫米 millimeter,400,°C,22
148,西厂圪洞村志,1063,毫米 millimeter,350,°C,6
149,严小村村志,n/a,毫米 millimeter,345,没有相关数据 No Available Data,n/a
150,宝才村志,n/a,毫米 millimeter,1100,°C,14
151,宜安村志,n/a,毫米 millimeter,570,°C,12.8
152,传桂村志,15,没有相关数据 No Available Data,n/a,没有相关数据 No Available Data,n/a
153,叶坪村志,n/a,毫米 millimeter,1378.4,°C,18.9
154,马路村志,n/a,毫米 millimeter,878.6,°C,15.2
156,百花村志,n/a,毫米 millimeter,1346,没有相关数据 No Available Data,n/a
157,上桥村志,n/a,毫米 millimeter,1083,°C,18.1
158,茅草村志,n/a,毫米 millimeter,1282.8,°C,17
159,北山门口村志,491,毫米 millimeter,584.8,°C,13.3
160,逯家寨志,2200,没有相关数据 No Available Data,n/a,没有相关数据 No Available Data,n/a
161,鸡鸣村志,420,毫米 millimeter,1093.3,°C,16.4
162,丁达村志,n/a,毫米 millimeter,1350,°C,16
164,八卦营村志,n/a,毫米 millimeter,400,°C,1
166,赤土村志,4,毫米 millimeter,600,°C,12
169,永庆村志,n/a,毫米 millimeter,670,没有相关数据 No Available Data,n/a
170,鲍家寨村志,2340,毫米 millimeter,345,没有相关数据 No Available Data,n/a
171,青林寺村志,n/a,毫米 millimeter,1350,°C,16.8
172,定平村志,1334.5,毫米 millimeter,103.2,°C,7.8
173,果山村志,n/a,毫米 millimeter,1100,°C,17.8
174,蔡宅村志,n/a,毫米 millimeter,1580,°C,18
176,汪家塬村志,1763,毫米 millimeter,349.3,°C,6.7
177,船房村志,1890,毫米 millimeter,1125,°C,20
178,双街村志,5,毫米 millimeter,558,°C,12.2
180,红城村志,418,毫米 millimeter,510,°C,3.5
185,镇海村志,n/a,毫米 millimeter,300,°C,23
186,白岩洞村志,n/a,毫米 millimeter,1440,°C,15.8
187,百泉村志,n/a,毫米 millimeter,610.9,°C,14
189,苑口村志,n/a,毫米 millimeter,500,°C,11.5
190,范家店村志,n/a,毫米 millimeter,641.7,°C,10.7
191,塘尾村志,n/a,毫米 millimeter,1700,°C,22
193,唐美村志,n/a,毫米 millimeter,2000,°C,22
195,珂里庄志,2096,毫米 millimeter,1540.5,°C,15
196,吉镇村志,n/a,毫米 millimeter,486,°C,9.7
197,贤友村志,n/a,毫米 millimeter,648.9,没有相关数据 No Available Data,n/a
198,徐家河村志,n/a,毫米 millimeter,456.6,°C,9.2
199,勤丰村志,2.42,毫米 millimeter,1047,°C,15.5
200,观音庙村史,500,没有相关数据 No Available Data,n/a,没有相关数据 No Available Data,n/a
201,永联村志,n/a,毫米 millimeter,1088.6,°C,15.8
203,石马峪村志,n/a,毫米 millimeter,606.4,°C,11.8
204,者湾村志,n/a,毫米 millimeter,850,°C,15.6
205,黄土村志,n/a,毫米 millimeter,1357,°C,17.2
206,上关村志,n/a,毫米 millimeter,900,°C,15
207,兴堰村志,n/a,毫米 millimeter,918.7,°C,16°
208,人民塘村志,n/a,毫米 millimeter,759,°C,15.6
209,海东村志,1887,毫米 millimeter,797,°C,20
210,三街村志,1732,毫米 millimeter,879.1,°C,15
211,山邑村志,1840,毫米 millimeter,1200,没有相关数据 No Available Data,n/a
212,石坝村志,550,毫米 millimeter,865.9,°C,16
213,群安村志,510.8,毫米 millimeter,980,°C,16.1
214,云溪村志,1887,没有相关数据 No Available Data,n/a,°C,16.5
215,龙街村志,1800,毫米 millimeter,1000,°C,14.1
216,金陵村志,673,没有相关数据 No Available Data,n/a,没有相关数据 No Available Data,n/a
217,瓦窑村志,496,毫米 millimeter,880,°C,20
218,九星村志,n/a,毫米 millimeter,1095.5,°C,15.36
219,金凤村志,2300,毫米 millimeter,1000,°C,10.7
220,董棕河村,1209,没有相关数据 No Available Data,n/a,°C,18
221,南胜村志,4.5,毫米 millimeter,1238,°C,16.3
222,唐家岭村志,n/a,毫米 millimeter,600,°C,11.3
223,水闸口村志,1774.3,毫米 millimeter,829.7,°C,15.7
224,柏崖厂村志,92,没有相关数据 No Available Data,n/a,°C,11.7
226,大理经济开发区,1974,毫米 millimeter,1079,°C,15
227,后辛庄村志,n/a,毫米 millimeter,556.4,°C,11.6
228,环东村志,n/a,没有相关数据 No Available Data,n/a,°C,15.5
229,上马坊村志,1951,毫米 millimeter,800,°C,14.4
230,果园村志,n/a,毫米 millimeter,1000,°C,15
231,众安村志,4.3,毫米 millimeter,1000,°C,15
232,马连道村志,40,毫米 millimeter,586.7,°C,11.7
233,棠东村志,n/a,毫米 millimeter,1700,°C,21
234,小坑村志,n/a,毫米 millimeter,1600,°C,21.9
235,勐廷村志,n/a,毫米 millimeter,1253.1,°C,14.9
236,榆林村志,35,毫米 millimeter,610,°C,11.5
238,界龙村志,n/a,毫米 millimeter,1239.1,°C,15.98
239,北山村志,n/a,毫米 millimeter,803.6,没有相关数据 No Available Data,n/a
243,南韩继村志,49.8,没有相关数据 No Available Data,600,没有相关数据 No Available Data,n/a
244,盐行村志,n/a,毫米 millimeter,1148,°C,16
245,上园村志,n/a,没有相关数据 No Available Data,n/a,°C,17.7
248,东夏园村志,20.3,毫米 millimeter,569.4,°C,11.6
249,北桥村志,n/a,没有相关数据 No Available Data,n/a,°C,15.5
251,双河村志,2300,毫米 millimeter,1168,°C,10.3
252,金鸡台村志,n/a,毫米 millimeter,472.9,°C,10
253,崧泽村志,n/a,毫米 millimeter,1044,没有相关数据 No Available Data,n/a
254,亭东村志,n/a,毫米 millimeter,1092.8,°C,15.5
256,黄山店村志,151,毫米 millimeter,400,°C,9
257,华一村志,n/a,没有相关数据 No Available Data,n/a,°C,15.5
258,罗衙村志,1894,毫米 millimeter,1170,°C,21
259,江头河村志,2400,没有相关数据 No Available Data,n/a,°C,10.4
261,寒王村志,1240,毫米 millimeter,590,°C,6.2
262,新维村志,n/a,没有相关数据 No Available Data,n/a,°C,22.3
263,东张口村志,31,毫米 millimeter,488.2,°C,12.5
264,长安村志,n/a,毫米 millimeter,1600,没有相关数据 No Available Data,n/a
265,磁山村志,n/a,毫米 millimeter,590,°C,12.8
267,晨钟村志,389.3,没有相关数据 No Available Data,n/a,没有相关数据 No Available Data,n/a
268,北陈村志,n/a,毫米 millimeter,620.2,°C,14.2
270,洞源村志,n/a,毫米 millimeter,1500,°C,15
271,东街村志,n/a,毫米 millimeter,553,°C,11.4
272,芙蓉村志,n/a,毫米 millimeter,1650,°C,13
274,怀德村志,n/a,毫米 millimeter,1700,°C,22
275,高家村志,n/a,毫米 millimeter,582.8,没有相关数据 No Available Data,n/a
276,大潘家村志,n/a,毫米 millimeter,558.24,°C,11.1
277,东大寨村志,n/a,没有相关数据 No Available Data,n/a,°C,11.5
278,国际村志,n/a,毫米 millimeter,1250,°C,18.5
279,黑石头村志,n/a,毫米 millimeter,430,°C,7.2
280,北寨张村志,57,毫米 millimeter,580.3,°C,13.4
281,碑登村志,492,毫米 millimeter,870.4,°C,6
283,固新村志,n/a,毫米 millimeter,571.9,没有相关数据 No Available Data,10
286,大井村志,n/a,没有相关数据 No Available Data,n/a,°C,11.7
287,东方村志,n/a,毫米 millimeter,1156.7,°C,15.7
289,百胜村志,n/a,毫米 millimeter,1026,°C,19
291,官曲村志,n/a,毫米 millimeter,600,°C,11.8
292,凡村村志,n/a,没有相关数据 No Available Data,n/a,°C,13.5
293,碟子沟村志,n/a,毫米 millimeter,560.4,°C,8.8
294,北沙坡村志,n/a,毫米 millimeter,550,°C,13.3
297,册井村志,350,毫米 millimeter,530,没有相关数据 No Available Data,n/a
299,衙门村志,n/a,没有相关数据 No Available Data,n/a,°C,7
300,斗门村志,49,毫米 millimeter,520,°C,13.2
302,南关村志,n/a,毫米 millimeter,674,°C,12
303,陈屯村志,n/a,毫米 millimeter,623.6,°C,8.3
304,东岐村志,n/a,毫米 millimeter,1600,°C,20
305,港西村志,n/a,毫米 millimeter,900,°C,14
306,大英村志,458,毫米 millimeter,1608,°C,16
307,方家岙村志,n/a,毫米 millimeter,1433.6,°C,14.2
309,开弦弓村志,n/a,毫米 millimeter,1156.4,°C,15.7
310,李家桑园村志,n/a,毫米 millimeter,800,°C,13
313,刘集村志,n/a,毫米 millimeter,571.3,°C,13
314,凌塘村志,n/a,没有相关数据 No Available Data,n/a,°C,20.5
315,花沟王村志,n/a,毫米 millimeter,649.9,°C,14.2
316,黄岗村志,n/a,毫米 millimeter,665.6,°C,14.2
317,八岔赫哲族村志,45,毫米 millimeter,500,°C,1.4
319,花园关村志,1192,毫米 millimeter,825,°C,14.3
321,巨口铺村志,n/a,毫米 millimeter,1200,°C,16
322,后楼村志,220,没有相关数据 No Available Data,n/a,°C,20
323,荒里村志,n/a,毫米 millimeter,874.5,°C,14
325,河西村志,600,没有相关数据 No Available Data,n/a,°C,13.3
327,四台子村志,n/a,毫米 millimeter,860,°C,7.8
329,后三羊头村志,n/a,没有相关数据 No Available Data,n/a,°C,10.3
330,庙东村志,n/a,毫米 millimeter,385,°C,8.4
333,柳树林村村志,369,毫米 millimeter,575.2,°C,14
335,吉安城村志,n/a,毫米 millimeter,515,°C,12.6
336,常青村志续编,n/a,毫米 millimeter,512,°C,10.7
337,李巷村志,n/a,毫米 millimeter,1039.3,°C,15.2
338,麻扎村志,100,毫米 millimeter,16.6,°C,14.4
340,建河村志,n/a,毫米 millimeter,1000,°C,14.3
341,旧尉屯村志,n/a,毫米 millimeter,450,°C,10.3
342,李家沟村志,n/a,毫米 millimeter,592.8,没有相关数据 No Available Data,n/a
343,梁官村志,750,毫米 millimeter,439,°C,10.2
344,环湖村志,n/a,毫米 millimeter,1000,没有相关数据 No Available Data,n/a
346,胡干城村志,n/a,毫米 millimeter,621.1,°C,14
347,北甸西村志,33,毫米 millimeter,600,°C,11.8
348,尖山下村志,100,毫米 millimeter,1500,°C,16
349,后蚂虹嘴村志,n/a,毫米 millimeter,650,没有相关数据 No Available Data,n/a
350,蒋家村志,n/a,毫米 millimeter,1000,°C,15
351,雷家崄村志,n/a,毫米 millimeter,450,没有相关数据 No Available Data,n/a
352,合兴村志,29,毫米 millimeter,1179.4,°C,16.6
353,西街志,763,毫米 millimeter,475.6,°C,10
354,花园岗村志,n/a,毫米 millimeter,1670,°C,17.4
355,孟石岗村志,200,没有相关数据 No Available Data,n/a,°C,13.1
356,西水头村志,430,没有相关数据 No Available Data,n/a,没有相关数据 No Available Data,n/a
357,义东沟村志,722,毫米 millimeter,545.2,°C,11.2
358,丰盈村志,n/a,毫米 millimeter,520,°C,10.7
359,新塘村志,100,毫米 millimeter,1700,°C,22
360,沙富村志,n/a,毫米 millimeter,1655.82,°C,21.9
361,黄洞村志,n/a,毫米 millimeter,1800,°C,22
363,黄村村志,n/a,毫米 millimeter,1725.7,°C,21.8
365,珠村村志,n/a,毫米 millimeter,1500,°C,21.7
366,分将池村志,n/a,毫米 millimeter,429,°C,14
367,白石厦村志,n/a,毫米 millimeter,1200,°C,15
368,油甘埔村志,n/a,毫米 millimeter,1800,°C,22
369,尚介村志,69,毫米 millimeter,429,°C,14
370,关址村志,n/a,毫米 millimeter,646.6,°C,14.5
371,南程村志,n/a,毫米 millimeter,719.2,°C,15.2
372,北洼村志,347,毫米 millimeter,380,°C,14.4
373,李袁村志,n/a,毫米 millimeter,1054,°C,15.4
374,李沟头村志,n/a,毫米 millimeter,1128.7,°C,16.4
375,三勤村志,n/a,毫米 millimeter,1000,°C,15.5
377,横山村志,n/a,没有相关数据 No Available Data,n/a,°C,13
378,马店村志,40,没有相关数据 No Available Data,n/a,没有相关数据 No Available Data,n/a
380,桥北村志,n/a,毫米 millimeter,450,°C,10
381,马家疃村志,n/a,毫米 millimeter,550,°C,12.3
382,盘石村志,n/a,毫米 millimeter,1600,°C,21.4
383,清河村志,n/a,毫米 millimeter,665.6,°C,14.2
386,乔家辿村志,n/a,毫米 millimeter,445,°C,9
387,南山村志,n/a,毫米 millimeter,1875.4,°C,24
388,龙头村志,n/a,毫米 millimeter,553,没有相关数据 No Available Data,n/a
390,秦霸岭村志,1421.9,没有相关数据 No Available Data,n/a,没有相关数据 No Available Data,n/a
391,卢家巷村志,n/a,毫米 millimeter,1000,°C,15
392,沙河岸村志,n/a,毫米 millimeter,610,没有相关数据 No Available Data,n/a
393,北皋村志,34,毫米 millimeter,626,°C,11.6
394,庆丰村志,n/a,没有相关数据 No Available Data,n/a,°C,21
396,毛俊村志,n/a,毫米 millimeter,1600,°C,20.5
397,七里铺村志,n/a,毫米 millimeter,700,°C,13.5
398,南崖村志,n/a,毫米 millimeter,500,°C,8
400,马头溪村志,n/a,毫米 millimeter,1949.5,°C,18.9
401,南东坊村志,64,毫米 millimeter,519.5,°C,13.4
402,商相村志,n/a,毫米 millimeter,1054,°C,15.4
404,漫水村志,n/a,没有相关数据 No Available Data,n/a,°C,17.2
405,南山村志,n/a,没有相关数据 No Available Data,n/a,°C,9
406,李庄村志,28,毫米 millimeter,900,°C,14
407,聂寨村志,n/a,毫米 millimeter,500,°C,14.3
408,龙门村志,378,毫米 millimeter,500.8,°C,12
409,桥塘村志,25.5,毫米 millimeter,901,°C,13
411,施厚村志,50,毫米 millimeter,1500,°C,20
412,牛头镇村志,n/a,毫米 millimeter,591.9,°C,12.4
413,三寨村志,1920,毫米 millimeter,155,°C,4
414,南坡湾村志,n/a,毫米 millimeter,420,没有相关数据 No Available Data,n/a
415,南庄村志,n/a,毫米 millimeter,498.2,°C,12.4
416,潘山村志,n/a,毫米 millimeter,1420.5,°C,16
417,罗岗村志,n/a,毫米 millimeter,1742,°C,21.6
418,平羌村志,n/a,毫米 millimeter,1050,°C,21.6
419,南五里堡村志,n/a,毫米 millimeter,415.2,°C,14.2
420,荃步村志,3.5,毫米 millimeter,1181,°C,15
421,牛宅村志,n/a,毫米 millimeter,1300,°C,19.8
422,看丹村志,40,毫米 millimeter,586.7,°C,11.7
423,奶东村志,n/a,毫米 millimeter,200,°C,13
424,新集村志,n/a,毫米 millimeter,635.1,°C,12.9
425,夏雷村志,3.8,毫米 millimeter,1124.7,°C,15.4
427,宋京村志,495,毫米 millimeter,1600,°C,18
428,兴隆村志,n/a,毫米 millimeter,114.7,没有相关数据 No Available Data,n/a
429,苏卢村志,n/a,毫米 millimeter,1300,°C,21.6
431,水师营村志,n/a,毫米 millimeter,551.2,°C,10.3
432,申家村志,638,毫米 millimeter,1350,°C,14
433,吴家村志,n/a,没有相关数据 No Available Data,n/a,°C,13.1
434,下栅村志,700,毫米 millimeter,480,°C,10.5
435,土城子村志,n/a,毫米 millimeter,592.8,°C,11.1
436,兴围村志,n/a,毫米 millimeter,1700,°C,22
437,五坝村志,1740,毫米 millimeter,155,°C,4
438,湾底村志,n/a,没有相关数据 No Available Data,n/a,°C,15.8
439,史山村志,500,毫米 millimeter,627.4,°C,11.7
441,土山寺村志,n/a,毫米 millimeter,847,°C,14
442,西沟村志,n/a,毫米 millimeter,600,°C,10.4
443,孙家湾村志,4,毫米 millimeter,573.9,°C,9
444,同心村志,n/a,毫米 millimeter,1073,°C,15.5
445,文岙村志,334.2,没有相关数据 No Available Data,n/a,°C,16.3
447,水磨湾村志,n/a,毫米 millimeter,118,没有相关数据 No Available Data,n/a
448,铜井村志,n/a,没有相关数据 No Available Data,n/a,°C,13.8
449,渭二村志,n/a,毫米 millimeter,629.9,°C,12.9
450,古城营村志,n/a,毫米 millimeter,460,°C,9
451,万丰村志,n/a,毫米 millimeter,1882,°C,22.4
452,围头村志,6,毫米 millimeter,1143.3,°C,20.3
453,王道村志,4.2,毫米 millimeter,552,°C,12.3
456,唐林村志,n/a,毫米 millimeter,1025.6,°C,25
457,太各庄村志,16,毫米 millimeter,400,°C,12.5
458,鹿窝村志,800,毫米 millimeter,950,°C,15
459,孙家小庄村志,n/a,毫米 millimeter,650,°C,13
460,大营村志,369,没有相关数据 No Available Data,n/a,没有相关数据 No Available Data,n/a
462,棠下村志,n/a,毫米 millimeter,1725,°C,21.7
463,小溪村志,n/a,毫米 millimeter,1466.5,°C,17.8
464,沈岙村志,n/a,毫米 millimeter,1700,°C,18
465,象塘村志,n/a,毫米 millimeter,1362,°C,17
468,树掌村志,1305,毫米 millimeter,580,°C,8.8
470,友爱村志,76.7,毫米 millimeter,1310,°C,21.6
471,义安村志,744.5,毫米 millimeter,460,°C,9.8
474,徐马村志,1790,毫米 millimeter,460,°C,6.7
476,园中村志,n/a,毫米 millimeter,1392.5,°C,18.6
477,鱼山村志,82.1,毫米 millimeter,633.7,°C,13.4
478,羊家冲村志,150,毫米 millimeter,1200,°C,14.6
479,营城子村志,n/a,毫米 millimeter,713.6,°C,8.8
481,玉岩村志,395,没有相关数据 No Available Data,n/a,没有相关数据 No Available Data,n/a
483,雄龙村志,800,毫米 millimeter,1423.2,°C,15.9
482,新建村志,n/a,毫米 millimeter,1464,°C,16
484,薛家会村志,600,毫米 millimeter,400,°C,10
485,浔龙村志,n/a,没有相关数据 No Available Data,n/a,°C,16.8
486,西跃村志,n/a,毫米 millimeter,623.6,°C,8.3
488,西中黄村志,600,毫米 millimeter,488.3,°C,12.7
489,杲村村志,n/a,毫米 millimeter,646,°C,14.2
490,洋埭村志,n/a,毫米 millimeter,1200,°C,26.6
491,小将村志,236,没有相关数据 No Available Data,n/a,没有相关数据 No Available Data,n/a
492,油坊村志,n/a,毫米 millimeter,800,°C,7
493,友好村志,1563,毫米 millimeter,114.7,没有相关数据 No Available Data,n/a
494,枣牌刘村志,n/a,毫米 millimeter,527.1,°C,12.4
496,龙塘村志,n/a,没有相关数据 No Available Data,n/a,°C,21.8
497,新中村志,n/a,毫米 millimeter,500,°C,15.5
498,枣烟村志,922,毫米 millimeter,550,°C,3
499,走马塘村志,n/a,没有相关数据 No Available Data,n/a,°C,16.2
501,元峰村志,n/a,毫米 millimeter,1332,°C,19.5
502,窑坡村志,n/a,毫米 millimeter,538.2,°C,13.2
503,张家井村,n/a,毫米 millimeter,577.4,没有相关数据 No Available Data,n/a
504,南关村志,n/a,毫米 millimeter,550,°C,12.5
505,新塘下村志,n/a,没有相关数据 No Available Data,n/a,°C,17
506,竹尾田村,n/a,毫米 millimeter,1800,°C,21.8
507,永丰村志,n/a,毫米 millimeter,1300,°C,16.2
508,寨子村志,335,毫米 millimeter,500,°C,13.5
509,新堰村志,n/a,毫米 millimeter,888,°C,14.6
510,南岗村志,n/a,毫米 millimeter,562,°C,15
511,西解甲庄村志,n/a,毫米 millimeter,736.6,没有相关数据 No Available Data,n/a
512,薛肇村志,n/a,没有相关数据 No Available Data,n/a,°C,14.3
513,洋澜村志,n/a,毫米 millimeter,1282.8,°C,17
514,千秋村志,n/a,毫米 millimeter,666.9,°C,12.4
516,诸葛村志,61,毫米 millimeter,1300,°C,15
517,杨槐村志,n/a,毫米 millimeter,649.9,°C,14.2
519,清水村志,1330,毫米 millimeter,1000,°C,13.2
520,盐厂新村志,n/a,毫米 millimeter,658,°C,10.25
521,后溪村志,n/a,毫米 millimeter,1320,°C,21
522,唐庄村志,n/a,毫米 millimeter,649.9,°C,14.2
523,新生村志,n/a,毫米 millimeter,600,°C,-2
524,荷花村志,1111,毫米 millimeter,1100,°C,17
525,库勒村志,n/a,毫米 millimeter,415.5,°C,3.4
526,黄瓜山村志,600,毫米 millimeter,1042.2,°C,18.2
527,关里村志,n/a,毫米 millimeter,1500,°C,18
528,东龙村志,500,没有相关数据 No Available Data,n/a,没有相关数据 No Available Data,n/a
529,黄家门村志,n/a,毫米 millimeter,649.9,°C,14.2
530,上棒村志,n/a,没有相关数据 No Available Data,n/a,°C,19.5
531,草陂村志,n/a,没有相关数据 No Available Data,n/a,°C,17
532,兰英村志,n/a,毫米 millimeter,158,°C,16
533,老观村志,n/a,没有相关数据 No Available Data,n/a,°C,16.1
534,黄里村志,n/a,毫米 millimeter,849.6,°C,14.8
535,保冲村志,1658,毫米 millimeter,1438.9,°C,14
536,海河湾村志,6,没有相关数据 No Available Data,n/a,°C,12
538,魁胆村志,n/a,毫米 millimeter,1200,°C,15
540,红星村志,60,毫米 millimeter,1388.8,°C,17.2
541,建设村志,470,没有相关数据 No Available Data,n/a,°C,16.1
542,庙坪村志,1100,没有相关数据 No Available Data,n/a,°C,17
544,新堤村志,n/a,毫米 millimeter,1135.2,°C,16
545,刘庄村志,2.5,毫米 millimeter,557.2,没有相关数据 No Available Data,n/a
546,王兰庄村志,2.5,毫米 millimeter,566.4,°C,11.6
547,临江村志,450,毫米 millimeter,900,°C,16
548,城畈村志,n/a,毫米 millimeter,1093.5,没有相关数据 No Available Data,n/a
549,柳树垭村志,400,没有相关数据 No Available Data,n/a,没有相关数据 No Available Data,n/a
550,大塘村志,420,毫米 millimeter,1093.3,°C,16.4
552,二龙村志,600,毫米 millimeter,1200,°C,16
553,旧居村志,n/a,毫米 millimeter,1000,°C,22
554,左洼村志,n/a,毫米 millimeter,800,°C,14.4
555,中石村志,n/a,毫米 millimeter,1300,°C,17
557,沥坑刘村村志,21,毫米 millimeter,1520.9,°C,17.45
558,稠泉村志,n/a,毫米 millimeter,1300,°C,16.7
559,朱家港村志,86,毫米 millimeter,1200,°C,16.8
560,川心堡村志,n/a,毫米 millimeter,1174,°C,14.7
561,代州营村志,1100,毫米 millimeter,100,没有相关数据 No Available Data,n/a
562,北陶村志,4,毫米 millimeter,1257,°C,16.3
564,菜园头村志,n/a,毫米 millimeter,1282.8,°C,17
565,凌庄子村志,n/a,毫米 millimeter,566.4,°C,11.6
566,马郡村志,n/a,毫米 millimeter,117.2,°C,7.6
567,虎牙滩村志,105.45,毫米 millimeter,1114.5,°C,16.9
568,土艳村志,n/a,毫米 millimeter,1801,°C,23.7
569,方村志,n/a,没有相关数据 No Available Data,n/a,°C,16.4
570,拱市村志,n/a,毫米 millimeter,929,°C,16.8
571,护城村志,n/a,毫米 millimeter,1084.4,°C,15.1
572,冯村志,320,毫米 millimeter,1519.3,°C,15.8
573,塘井村志,n/a,毫米 millimeter,1400,°C,18
574,白杨源志,n/a,没有相关数据 No Available Data,n/a,°C,16
575,邢泉村志,1220,没有相关数据 No Available Data,n/a,没有相关数据 No Available Data,n/a
576,张石村志,1165,没有相关数据 No Available Data,n/a,没有相关数据 No Available Data,n/a
577,青羊岗土家族村志,n/a,毫米 millimeter,1125.2,°C,16.5
578,三山村志,n/a,毫米 millimeter,1330,°C,17
580,西南庄村志,n/a,毫米 millimeter,500,°C,12
581,瓦子坪村志,300,毫米 millimeter,1200,°C,16
582,岔河村志,n/a,毫米 millimeter,1500,°C,13
584,唐家坪村志,n/a,没有相关数据 No Available Data,n/a,°C,19
585,船石村志,700,毫米 millimeter,1000,°C,20
586,膏田村志,n/a,毫米 millimeter,1440,°C,16.3
587,新屋咀村志,348,毫米 millimeter,1050,°C,17.4
588,石牌坊村志,249,毫米 millimeter,1035,°C,18.1
589,锁口村志,357,毫米 millimeter,1100,°C,17.1
590,惠农村志,n/a,没有相关数据 No Available Data,n/a,°C,17.2
591,大板桥村志,1959,毫米 millimeter,1006.5,°C,15.45
592,大坝村志,1888.8,没有相关数据 No Available Data,n/a,没有相关数据 No Available Data,n/a
593,大波那村志,n/a,毫米 millimeter,690,°C,14
594,天马村志,2233,没有相关数据 No Available Data,n/a,°C,12.3
595,吴井村志,1894,毫米 millimeter,1120,°C,15
596,新河村志,1886.3,没有相关数据 No Available Data,n/a,没有相关数据 No Available Data,n/a
597,万沟村志,362.1,毫米 millimeter,1069,°C,17.1
598,四合村志,374,毫米 millimeter,1024.3,°C,17.2
599,石河村志,n/a,没有相关数据 No Available Data,n/a,°C,17
600,乌木村村志,n/a,没有相关数据 No Available Data,n/a,°C,17
601,肇兴村志,n/a,毫米 millimeter,1200,°C,16.3
602,竹坪村志,n/a,毫米 millimeter,1000,°C,16
604,石下村村志,1256,毫米 millimeter,1966,°C,16.6
605,八角村志,n/a,毫米 millimeter,670,没有相关数据 No Available Data,n/a
606,北阁村志,18,没有相关数据 No Available Data,n/a,没有相关数据 No Available Data,n/a
607,白杜村村志,n/a,毫米 millimeter,450,°C,10
608,大王村志,n/a,毫米 millimeter,552.4,°C,10
609,长浜村志,n/a,毫米 millimeter,1000,°C,15.5
611,沉香村志,n/a,毫米 millimeter,1061.9,°C,15.5
612,东华村志,n/a,毫米 millimeter,1100,°C,14.5
613,大星村志,n/a,毫米 millimeter,1174.2,°C,15.1
614,成日村志,n/a,毫米 millimeter,1061.9,没有相关数据 No Available Data,n/a
615,谙正村志,n/a,没有相关数据 No Available Data,n/a,°C,7
616,安家皂村志,989,毫米 millimeter,400,°C,7.5
617,安昌村志,900,没有相关数据 No Available Data,n/a,°C,9
618,崔堡村志,n/a,毫米 millimeter,937.4,°C,14.4
620,程墩村志,n/a,没有相关数据 No Available Data,n/a,°C,16
621,仁里村志,171,毫米 millimeter,1520,°C,15.8
624,獐岛村志,n/a,毫米 millimeter,837.9,°C,9
625,邓一村志,n/a,毫米 millimeter,1222.2,没有相关数据 No Available Data,n/a
626,竹元村志,n/a,没有相关数据 No Available Data,n/a,°C,17.8
627,长春村志,n/a,没有相关数据 No Available Data,n/a,没有相关数据 No Available Data,n/a
630,赵家村志,3,没有相关数据 No Available Data,n/a,没有相关数据 No Available Data,n/a
631,溪尾村志,44.8,没有相关数据 No Available Data,n/a,没有相关数据 No Available Data,n/a
633,陈胡村志,4,没有相关数据 No Available Data,n/a,没有相关数据 No Available Data,n/a
635,党家村志,n/a,毫米 millimeter,680,°C,13.5
636,南宵村志,n/a,毫米 millimeter,1000,°C,17
637,镇丰村志,434,毫米 millimeter,670,°C,13.3
639,阳山村志,n/a,没有相关数据 No Available Data,n/a,°C,10
640,榜山村志,803,没有相关数据 No Available Data,n/a,没有相关数据 No Available Data,n/a
641,保卫村志,n/a,没有相关数据 No Available Data,n/a,°C,15.5
642,后黄村志,n/a,毫米 millimeter,1400,°C,20
643,北金召村志,n/a,毫米 millimeter,610.32,°C,12.98
644,度城村志,n/a,毫米 millimeter,1133.3,°C,16.1
645,洞山村志,n/a,毫米 millimeter,1425.4,°C,14.7
646,玉河村志,2415.9,没有相关数据 No Available Data,n/a,°C,12.6
647,可邑彝族村志,n/a,毫米 millimeter,977.8,°C,15
648,官渡社区志,n/a,毫米 millimeter,1011,°C,14.5
650,云溪永丰村志,1891.5,没有相关数据 No Available Data,n/a,°C,16.5
651,周家村志,1881,没有相关数据 No Available Data,n/a,没有相关数据 No Available Data,n/a
652,小围埂村志,n/a,毫米 millimeter,850,°C,22
653,高镇村志,95,没有相关数据 No Available Data,n/a,°C,17.5
654,官林村志,n/a,毫米 millimeter,1197.3,°C,14.5
655,海星村志,3,毫米 millimeter,1344.8,°C,16
656,北关村志,10,没有相关数据 No Available Data,n/a,°C,11.5
658,义路村志,n/a,没有相关数据 No Available Data,n/a,°C,16.5
659,邑等村志,n/a,毫米 millimeter,1200,°C,18.2
660,羊甫村志,1896,没有相关数据 No Available Data,n/a,°C,14.7
663,边院村志,80,毫米 millimeter,600,°C,12.9
664,北安河村志,58,毫米 millimeter,542.7,没有相关数据 No Available Data,n/a
666,可建村志,n/a,毫米 millimeter,1700,°C,16.7
667,白文村志,1156.5,毫米 millimeter,563,°C,6.7
668,八仙庄村志,n/a,毫米 millimeter,550,°C,13.3
671,顾家村志,n/a,毫米 millimeter,1000,°C,7
672,小南村志,n/a,毫米 millimeter,552.4,没有相关数据 No Available Data,n/a
674,歌山村志,n/a,毫米 millimeter,1410,°C,16.1
675,大京村志,n/a,毫米 millimeter,1415.7,°C,19.1
676,南韩村志,497,没有相关数据 No Available Data,n/a,没有相关数据 No Available Data,n/a
677,北关村志,n/a,毫米 millimeter,645.5,°C,13.4
678,后孙密城村志,n/a,毫米 millimeter,623.7,°C,13.4
682,白和村志,1200,毫米 millimeter,500,没有相关数据 No Available Data,n/a
683,杜家堡村志,n/a,毫米 millimeter,580.17,没有相关数据 No Available Data,n/a
684,杜山村志,20,没有相关数据 No Available Data,n/a,°C,13
685,花胡庄村志,90,毫米 millimeter,649.9,°C,14.2
686,小蒲水村志,115,毫米 millimeter,594.6,°C,14.4
687,杜羊圈村志,1100,毫米 millimeter,390,°C,8.6
688,孤山村志,n/a,毫米 millimeter,800,没有相关数据 No Available Data,n/a
690,巴洲村志,n/a,毫米 millimeter,550,°C,10.3
691,东马各庄村志,30,毫米 millimeter,625,°C,11.5
692,八间房村志,400,毫米 millimeter,500,°C,6.6
693,北万山村志,400,毫米 millimeter,694,°C,12.8
694,东岭村志,n/a,毫米 millimeter,656,°C,13.2
695,东石村志,25.4,没有相关数据 No Available Data,n/a,°C,11.3
696,北堆村志,n/a,毫米 millimeter,600,°C,11.9
697,白庙村志,n/a,毫米 millimeter,550,没有相关数据 No Available Data,n/a
698,涧东村志,418,没有相关数据 No Available Data,n/a,没有相关数据 No Available Data,n/a
699,罗口村志,300,没有相关数据 No Available Data,n/a,°C,14.5
700,古城村志,n/a,毫米 millimeter,1354,°C,15.5
701,汤泉村志,400,毫米 millimeter,1650,°C,18
702,半峪村志,n/a,毫米 millimeter,560,°C,12
703,东庄村志,n/a,毫米 millimeter,1000,°C,15.5
704,贾岗村志,n/a,毫米 millimeter,649.9,°C,14.2
705,曹家馆村志,n/a,毫米 millimeter,650,没有相关数据 No Available Data,n/a
706,北龙口村志,n/a,毫米 millimeter,534.8,°C,13
707,古方村志,7.2,毫米 millimeter,1071.4,°C,15.4
708,观山村志,n/a,没有相关数据 No Available Data,n/a,°C,15.1
709,工农村志,n/a,毫米 millimeter,1406.8,°C,16.1
710,国庆村志,n/a,毫米 millimeter,1450,°C,16.3
711,北陈庄村志,52.5,毫米 millimeter,580.3,°C,13.4
712,北庄村志,n/a,毫米 millimeter,600,°C,11.3
713,东二旗村志,n/a,毫米 millimeter,600,°C,11.8
714,黄山村志,n/a,没有相关数据 No Available Data,n/a,°C,19.7
715,北甸东村志,27.9,毫米 millimeter,600,°C,11.8
716,[Bing]洲村志,n/a,毫米 millimeter,1000,°C,20
718,塘溪村志,160,没有相关数据 No Available Data,n/a,没有相关数据 No Available Data,n/a
719,蓝田村志,4,没有相关数据 No Available Data,n/a,没有相关数据 No Available Data,n/a
720,段家寨村志,913,毫米 millimeter,429,°C,9.1
722,安仁村志,n/a,毫米 millimeter,1600,°C,16.9
723,查王村志,n/a,毫米 millimeter,626.3,°C,13.8
724,燃灯寺村志,758,毫米 millimeter,696.9,°C,13
725,长岭村志,n/a,毫米 millimeter,738.3,°C,11
726,草山岭村志,140,没有相关数据 No Available Data,n/a,没有相关数据 No Available Data,n/a
728,安家庄村志,n/a,毫米 millimeter,650,°C,13.8
729,人民村志,n/a,毫米 millimeter,1000,°C,15.5
731,中角村志,n/a,毫米 millimeter,350,°C,9
732,九保村志,n/a,毫米 millimeter,1239.7,°C,18.4
733,森林村志,4,毫米 millimeter,1088,°C,15
734,白河村志,1460,没有相关数据 No Available Data,n/a,°C,20
735,凤凰村志,5.3,毫米 millimeter,1042.7,°C,15.2
736,北邵洼村志,64,毫米 millimeter,550.3,°C,11.8
738,北关村志,760,毫米 millimeter,500,°C,10
741,北方平村志,n/a,毫米 millimeter,496.2,°C,13.3
743,北齐村志,74.2,没有相关数据 No Available Data,n/a,没有相关数据 No Available Data,n/a
746,大陵村志,n/a,没有相关数据 No Available Data,n/a,°C,20
747,北桑鲁村志,n/a,毫米 millimeter,500,没有相关数据 No Available Data,n/a
748,三八村志,n/a,毫米 millimeter,1222.2,°C,16.8
749,梨花村志,1780,毫米 millimeter,925,°C,15.3
750,金鸭村志,500,毫米 millimeter,1050,°C,18
751,江东村志,n/a,毫米 millimeter,1469.4,°C,13.8
752,铁门村志,285,没有相关数据 No Available Data,n/a,没有相关数据 No Available Data,n/a
753,黄柳村志,n/a,毫米 millimeter,1200,°C,16.6
754,乐乌村志,1868,毫米 millimeter,1000,°C,14.8
755,六甲村志,n/a,毫米 millimeter,1120,°C,16
756,姜城村志,n/a,毫米 millimeter,400,°C,12
757,井溢村志,682,毫米 millimeter,450,°C,11.4
758,王梁村志,n/a,毫米 millimeter,280,°C,9
759,王家村志,500,毫米 millimeter,560,没有相关数据 No Available Data,n/a
760,梁家河村志,1889,没有相关数据 No Available Data,n/a,没有相关数据 No Available Data,n/a
764,小圩村志,2.5,毫米 millimeter,1088,°C,15.5
765,贺北村志,n/a,毫米 millimeter,1122,°C,16.6
766,横沟村志,4.5,没有相关数据 No Available Data,n/a,°C,15
768,温河村志,n/a,毫米 millimeter,1246.4,°C,17
770,长命水村志,n/a,毫米 millimeter,2000,°C,21.8
772,新塘村志,4.5,毫米 millimeter,1238,°C,16
773,富达畲村志,630,没有相关数据 No Available Data,n/a,没有相关数据 No Available Data,n/a
774,北年丰村志,37,没有相关数据 No Available Data,n/a,没有相关数据 No Available Data,n/a
775,崔各庄村志,37.3,毫米 millimeter,600,°C,12
776,城西吕家村志,n/a,毫米 millimeter,650.3,没有相关数据 No Available Data,n/a
777,城里村志,n/a,毫米 millimeter,700,°C,12.5
778,马镇村志,900,毫米 millimeter,405,°C,9.7
780,北谷丰村志,n/a,毫米 millimeter,441.8,°C,9.8
781,曹口村志,45,毫米 millimeter,661.3,°C,13.4
782,车家下庄村志,n/a,毫米 millimeter,784,°C,12.6
783,城北村志,n/a,毫米 millimeter,865.4,°C,11.3
784,车陂村志,n/a,毫米 millimeter,2000,°C,21
785,北坡村志,n/a,没有相关数据 No Available Data,n/a,°C,11
786,双生村志,1100,没有相关数据 No Available Data,n/a,°C,20
787,路口村志,n/a,毫米 millimeter,1164.1,°C,19.8
789,东埔村志,369,毫米 millimeter,1850,°C,19.3
790,新盛村志,n/a,没有相关数据 No Available Data,n/a,°C,15.7
791,鞍山村志,n/a,毫米 millimeter,1400,°C,16.2
792,北固碾村志,n/a,毫米 millimeter,450,°C,10
793,曹各庄村志,26,毫米 millimeter,606.4,°C,11.3
794,北马房村志,25.9,毫米 millimeter,606.4,没有相关数据 No Available Data,n/a
796,西贺家石村志,n/a,毫米 millimeter,486,没有相关数据 No Available Data,9.7
798,旧飞鹅村村志,n/a,毫米 millimeter,1709.3,°C,22
799,门头村志,n/a,毫米 millimeter,653.5,没有相关数据 No Available Data,11
800,水朗村志,n/a,毫米 millimeter,1757.3,°C,22
801,星光村志,n/a,毫米 millimeter,1061,°C,15.5
802,北平村志,1448,没有相关数据 No Available Data,n/a,没有相关数据 No Available Data,n/a
803,北七家庄村志,29.2,毫米 millimeter,600,°C,13
804,北岭头村志,962,毫米 millimeter,549,没有相关数据 No Available Data,n/a
809,沙坪寺村志,n/a,毫米 millimeter,400,°C,9
810,讲武殿村志,n/a,毫米 millimeter,585,°C,13
811,党家庄村志,n/a,没有相关数据 No Available Data,n/a,°C,12.9
812,沙坝村志,1676,毫米 millimeter,966,°C,15
813,八方村志,263,毫米 millimeter,563,°C,14.2
814,鳌头村志,n/a,毫米 millimeter,601.6,°C,14.7
815,龙泉村志,n/a,毫米 millimeter,1250,°C,15
816,土堆村志,1889,毫米 millimeter,1045,°C,14.4
818,东营村志,n/a,毫米 millimeter,600,°C,15
819,北胡庄村志,n/a,毫米 millimeter,542.2,°C,13.9
820,白洋村志,n/a,毫米 millimeter,1300,°C,16
822,东白仓村志,51,毫米 millimeter,822.4,°C,13.4
823,福永村志,n/a,毫米 millimeter,1200,°C,15
824,东八村村志,n/a,毫米 millimeter,557.4,°C,12.1
825,东升村志,n/a,毫米 millimeter,1500,°C,20
826,东皇墓村志,n/a,没有相关数据 No Available Data,n/a,°C,13.1
827,营前村志,n/a,没有相关数据 No Available Data,n/a,°C,15.5
828,大谈村志,84.78,毫米 millimeter,569.8,°C,12.9
829,鸡翅岭村志,n/a,毫米 millimeter,1800,°C,22
831,沿南村志,n/a,毫米 millimeter,1060,°C,15.2
832,白坟村志,n/a,毫米 millimeter,510,°C,14.3
835,岸上村志,62,毫米 millimeter,544,°C,13.6
839,赤水垟志,n/a,毫米 millimeter,1506.8,°C,17.5
840,侨乡村志,n/a,毫米 millimeter,1472.9,°C,22.2
842,美林村志,428,没有相关数据 No Available Data,n/a,没有相关数据 No Available Data,n/a
843,蔡和村志,n/a,毫米 millimeter,1692.5,°C,15.4
844,十里·大桥村志,1898,毫米 millimeter,1000,°C,22
846,葭芦都三甲李氏村志,900,毫米 millimeter,400,°C,8
847,牛薛沟村志,1050,毫米 millimeter,500,°C,10
849,碧龙村志,485,没有相关数据 No Available Data,n/a,没有相关数据 No Available Data,n/a
852,北海山村志,150,没有相关数据 No Available Data,n/a,°C,13.5
853,坂田村志,21,没有相关数据 No Available Data,n/a,没有相关数据 No Available Data,n/a
854,塘头村志,n/a,毫米 millimeter,1600,°C,21.7
856,南皋村志,34,毫米 millimeter,606.4,°C,11.8
859,花乡葆台村志,47,毫米 millimeter,550,°C,12.8
862,王官屯村志,n/a,毫米 millimeter,581,°C,12.5
863,戴湾村志,n/a,毫米 millimeter,606.5,°C,15
864,柳子圪旦村志,n/a,毫米 millimeter,240,°C,6
865,理家庄村志,n/a,毫米 millimeter,450,°C,8.8
866,小车村志,n/a,毫米 millimeter,504.4,°C,13.5
868,上柳源村志,n/a,毫米 millimeter,1600,°C,17.2
869,库城村志,n/a,毫米 millimeter,600,°C,8
870,崔家沟村志,723,毫米 millimeter,520,°C,9.9
871,堆谷山村志,n/a,毫米 millimeter,1700,没有相关数据 No Available Data,n/a
873,余川村志,292,毫米 millimeter,1400,°C,16
875,海口里仁村志,1900,毫米 millimeter,922.9,°C,14.7
876,永清村志,570,毫米 millimeter,679.1,°C,12.6
878,姜湾村志,n/a,毫米 millimeter,878.6,°C,15.2
879,恬庄村志,5,毫米 millimeter,1077,°C,15.8
881,后山村志,n/a,毫米 millimeter,1644.6,°C,16.6
883,栗子坪村志,1400,毫米 millimeter,2300,没有相关数据 No Available Data,n/a
884,栗林河村志,n/a,毫米 millimeter,930,°C,10
885,歙县三阳村志,245,没有相关数据 No Available Data,n/a,没有相关数据 No Available Data,n/a
886,大峡谷村志,480,毫米 millimeter,1500,°C,15.5
887,胡家坟村志,3.75,毫米 millimeter,1374.7,°C,16.2
888,云家码头村志,n/a,毫米 millimeter,396.6,°C,10
889,杓袁村志,n/a,毫米 millimeter,649.9,°C,14.2
890,西河村志,n/a,毫米 millimeter,636.9,°C,13.4
893,东桃村志,n/a,毫米 millimeter,1337,°C,16.6
895,祝陵村志,n/a,毫米 millimeter,1246.3,没有相关数据 No Available Data,n/a
897,高拱桥村志,500,毫米 millimeter,1570,°C,15.6
899,放羊坪村志,n/a,毫米 millimeter,1200,°C,16.7
900,欧桥村志,n/a,毫米 millimeter,1073.2,°C,16.2
901,钱家山村志,580,没有相关数据 No Available Data,n/a,°C,15
902,陈家墕村志,930,毫米 millimeter,395,°C,10
903,木头峪村志,698.2,毫米 millimeter,365,°C,22
904,大胜村志,n/a,毫米 millimeter,1700,没有相关数据 No Available Data,n/a
905,西上庄村志,n/a,毫米 millimeter,652.9,°C,12.2
907,黄家崴子村志,500,没有相关数据 No Available Data,n/a,°C,4
908,黄岭村志,n/a,毫米 millimeter,1700,°C,20.5
909,西水磨村志,7,毫米 millimeter,597,°C,12.3
910,江浦村志,n/a,毫米 millimeter,900,°C,14
911,张家塔村志,732,没有相关数据 No Available Data,n/a,没有相关数据 No Available Data,n/a
913,西台村志,n/a,毫米 millimeter,738.3,°C,11.5
914,吴兴村志,78,毫米 millimeter,525.3,°C,13.1
915,桃王庄村志,n/a,毫米 millimeter,580,°C,12.2
916,上鲁塘村志,400,毫米 millimeter,1466.5,°C,17.6
918,赵官屯村志,6,没有相关数据 No Available Data,n/a,没有相关数据 No Available Data,n/a
920,和平村志,3.5,没有相关数据 No Available Data,n/a,°C,15.8
921,桂南村志,n/a,毫米 millimeter,2000,°C,22
922,建农村志,n/a,毫米 millimeter,1194,°C,16.5
923,王安堡村志,51.8,毫米 millimeter,580.2,°C,13.4
924,川口村志,n/a,毫米 millimeter,588.1,°C,13.8
925,上官村志,500,没有相关数据 No Available Data,n/a,°C,13
926,东六合村志,3,毫米 millimeter,517.99,没有相关数据 No Available Data,n/a
927,光明村志,4.5,毫米 millimeter,1220,°C,16.1
929,赵村村志,430,毫米 millimeter,550.9,没有相关数据 No Available Data,n/a
930,兴朱村志,n/a,毫米 millimeter,601.4,没有相关数据 No Available Data,n/a
931,小许庄村志,n/a,毫米 millimeter,577.3,°C,12.1
934,微水村志,n/a,毫米 millimeter,504.4,°C,13.1
935,拦车村志,930,毫米 millimeter,573.8,°C,11.5
936,蒋庄村志,3.85,毫米 millimeter,1100,°C,15.5
938,交丙坛村志,n/a,毫米 millimeter,2129,°C,21.3
939,邢寨村志,n/a,毫米 millimeter,773.1,°C,13.6
940,西林西村志,n/a,没有相关数据 No Available Data,n/a,°C,13.6
941,金红村志,n/a,毫米 millimeter,1100,°C,15.36
942,西古现村志,n/a,毫米 millimeter,765.7,°C,11
943,崔家庄村志,747.4,毫米 millimeter,413,°C,10
944,聪子峪村志,n/a,毫米 millimeter,645,°C,7.5
945,大北村志,780,毫米 millimeter,450,°C,10.6
946,金建村志,4.3,毫米 millimeter,1000,°C,15
947,大望京村志,36.5,没有相关数据 No Available Data,n/a,没有相关数据 No Available Data,n/a
949,西王村志,11.2,毫米 millimeter,633,°C,13
950,西马村志,n/a,毫米 millimeter,645.5,°C,13
951,两坂村志,n/a,毫米 millimeter,510,°C,11.8
952,李堡村志,n/a,没有相关数据 No Available Data,n/a,°C,9
953,后郭村志,20,毫米 millimeter,1105,°C,21
954,辛庄村志,70,毫米 millimeter,654.54,°C,13.4
955,和平村志,n/a,毫米 millimeter,1200,°C,22
956,城南村志,n/a,没有相关数据 No Available Data,n/a,°C,9
958,城内村志,759.4,毫米 millimeter,385,°C,8.6
959,潢涌村志,n/a,毫米 millimeter,1800,°C,21.9
960,环山村志,n/a,毫米 millimeter,1600,°C,21
961,西董铺村志,59,毫米 millimeter,503.5,°C,12.8
962,冼村村志,n/a,毫米 millimeter,1725.7,°C,21.8
964,鱼河湾村志,1000,毫米 millimeter,406.9,°C,9.7
965,崔楼村志,n/a,毫米 millimeter,1089,°C,15.5
966,酒务村志,n/a,毫米 millimeter,625.7,°C,9.8
967,卜居头村志,296,毫米 millimeter,606.1,°C,13.2
968,保宁村志,520,毫米 millimeter,550,°C,11.6
972,李街村志,552,没有相关数据 No Available Data,n/a,°C,10
974,箭泾村志,n/a,毫米 millimeter,1025,°C,16
975,崔庄村志,112,没有相关数据 No Available Data,n/a,没有相关数据 No Available Data,n/a
976,陈堡村志,n/a,毫米 millimeter,617.8,°C,14
977,郑各庄村志,n/a,毫米 millimeter,550,°C,13.3
978,驼房营村志,32,毫米 millimeter,600.7,°C,11.3
979,四合庄村志,45,没有相关数据 No Available Data,n/a,没有相关数据 No Available Data,n/a
980,卢沟桥村志,52,没有相关数据 No Available Data,n/a,没有相关数据 No Available Data,n/a
981,广川街村志,n/a,毫米 millimeter,522.7,°C,12.9
982,车厂村志,n/a,毫米 millimeter,640,°C,11.7
983,兴复村志,n/a,毫米 millimeter,1133.3,°C,16.1
984,黄皮村志,n/a,毫米 millimeter,1300,没有相关数据 No Available Data,n/a
986,大楚留村志,n/a,没有相关数据 No Available Data,n/a,没有相关数据 No Available Data,n/a
987,华新村志,n/a,没有相关数据 No Available Data,n/a,°C,15
988,老道井村志,n/a,毫米 millimeter,617.8,°C,14
989,新新村志,3.5,毫米 millimeter,1135.1,没有相关数据 No Available Data,n/a
990,城子村志,100,毫米 millimeter,600,°C,12.8
991,花园村志,4,毫米 millimeter,1132.5,°C,16
993,都康村志,270,毫米 millimeter,1700,°C,19.6
994,廖家林村志,n/a,毫米 millimeter,1200,°C,17
996,江姐村志,340,毫米 millimeter,1000,°C,17
997,葛寨村志,n/a,没有相关数据 No Available Data,n/a,°C,14
998,崔家村志,n/a,毫米 millimeter,659.2,°C,12.3
999,篁墩村志,n/a,毫米 millimeter,1500,°C,16
1000,兰寨村志,n/a,毫米 millimeter,704.4,°C,14.2
