村志代码 Gazetteer Code,村志书名 Gazetteer Title,Category,Division1,Division2,Division3,Division4,Start Year,End Year,Data
2,叶店村志,户数 Number of Households,,,,,1949,1953,282
2,叶店村志,户数 Number of Households,,,,,1980,1983,729
2,叶店村志,人口 Population,男性人口 Male Population,,,,1949,1953,578
2,叶店村志,人口 Population,女性人口 Female Population,,,,1949,1953,667
2,叶店村志,人口 Population,总人口 Total Population,,,,1949,1953,1245
2,叶店村志,人口 Population,女性人口 Female Population,,,,1980,1983,1277
2,叶店村志,人口 Population,总人口 Total Population,,,,1980,1983,2658
2,叶店村志,人口 Population,男性人口 Male Population,,,,1980,1983,1381
3,马鞭田村志,自然出生率 Birth Rate (‰),,,,,1961,1963,38
3,马鞭田村志,自然出生率 Birth Rate (‰),,,,,1966,1976,35
3,马鞭田村志,自然增长率 Natural Population Growth Rate (‰),,,,,1961,1970,33.1
12,东侯坊村志,迁入 Migration In,,知识青年 Educated Youth,,,1970,1977,56
14,桑耳庄村志,迁出 Migration Out,,知识青年 Educated Youth,,,1973,1974,15
19,树园村志,流动人口/暂住人口 Migratory/Temporary Population,,,,,2000,2001,821
22,张家圩子村志,出生人数 Number of Births,,,,,1980,1986,301
22,张家圩子村志,自然出生率 Birth Rate (‰),,,,,1980,1986,17.8
22,张家圩子村志,自然出生率 Birth Rate (‰),,,,,1993,1997,3.3
22,张家圩子村志,自然出生率 Birth Rate (‰),,,,,2000,2008,9.8
22,张家圩子村志,自然出生率 Birth Rate (‰),,,,,2009,2011,12.1
31,南凤山村志,迁入 Migration In,,知识青年 Educated Youth,,,1974,1977,85
32,井亭村志,迁入 Migration In,,知识青年 Educated Youth,,,1968,1977,59
32,井亭村志,迁出 Migration Out,,知识青年 Educated Youth,,,1968,1982,43
34,胡家村志,迁入 Migration In,,户数 number of households,,,1948,2008,19
34,胡家村志,迁入 Migration In,,知识青年 Educated Youth,,,1948,2008,52
34,胡家村志,迁出 Migration Out,,户数 number of households,,,1948,2008,210
42,新桥村志,迁入 Migration In,,知识青年 Educated Youth,,,1957,1977,86
42,新桥村志,农转非 Agricultural to Non-Agricultural Hukou / Change of Residency Status,,,人数 number of people,,1965,2006,1747
42,新桥村志,迁出 Migration Out,,知识青年 Educated Youth,,,1972,1981,77
48,小瓦窑村志,自然增长率 Natural Population Growth Rate (‰),,,,,1950,1960,35
52,郭家沟村志,流动人口/暂住人口 Migratory/Temporary Population,,,,,1980,1989,365
52,郭家沟村志,流动人口/暂住人口 Migratory/Temporary Population,,,,,1990,1999,1100
52,郭家沟村志,流动人口/暂住人口 Migratory/Temporary Population,,,,,2000,2010,1420
52,郭家沟村志,迁入 Migration In,,户数 number of households,,,1980,1989,21
52,郭家沟村志,迁入 Migration In,,人数 number of people,,,1980,1989,57
56,沐陂村志,人口 Population,总人口 Total Population,,,,1949,1952,300
56,沐陂村志,人口 Population,总人口 Total Population,,,,1953,1961,422
56,沐陂村志,流动人口/暂住人口 Migratory/Temporary Population,,,,,2000,2008,4000
57,尧治河村志,出生人数 Number of Births,,,,,1950,1958,92
57,尧治河村志,出生人数 Number of Births,,,,,1962,1971,131
57,尧治河村志,出生人数 Number of Births,,,,,1980,1990,122
57,尧治河村志,人口 Population,总人口 Total Population,,,,1949,1952,384
64,三路居村志,自然增长率 Natural Population Growth Rate (‰),,,,,1950,1969,35
64,三路居村志,流动人口/暂住人口 Migratory/Temporary Population,,,,,1949,2008,6000
65,仙台村村志,户数 Number of Households,,,,,1949,1952,300
65,仙台村村志,人口 Population,总人口 Total Population,,,,1949,1952,1200
66,四马台村志,农转非 Agricultural to Non-Agricultural Hukou / Change of Residency Status,,,人数 number of people,,1955,1975,140
67,西洞头村志,自然出生率 Birth Rate (‰),,,,,2001,2005,8.5
72,浦联村志,农转非 Agricultural to Non-Agricultural Hukou / Change of Residency Status,,,人数 number of people,,1960,1969,2000
83,柏沟村志,出生人数 Number of Births,,,,,1975,1994,205
86,石䧱村志,迁出 Migration Out,,户数 number of households,,,1978,1998,74
86,石䧱村志,迁出 Migration Out,,人数 number of people,,,1978,1998,223
87,坦头村志,迁入 Migration In,,户数 number of households,,,1949,2000,1
87,坦头村志,迁入 Migration In,,人数 number of people,,,1949,2000,10
88,传字营村志,迁出 Migration Out,,户数 number of households,,,1970,1978,62
88,传字营村志,迁出 Migration Out,,知识青年 Educated Youth,,,1973,1980,119
88,传字营村志,农转非 Agricultural to Non-Agricultural Hukou / Change of Residency Status,,,人数 number of people,,1980,1982,325
88,传字营村志,迁出 Migration Out,,人数 number of people,,,1970,1978,243
89,新立村志,户数 Number of Households,,,,,1949,1952,300
91,福保村志,迁入 Migration In,,知识青年 Educated Youth,,,1970,1973,4
92,上南村志,出生人数 Number of Births,,,,,2006,2010,103
92,上南村志,自然出生率 Birth Rate (‰),,,,,2006,2010,10.6
92,上南村志,迁出 Migration Out,,人数 number of people,,,1953,1998,2000
96,大蒋庄村志,迁入 Migration In,,人数 number of people,,,1949,1993,78
96,大蒋庄村志,迁入 Migration In,,户数 number of households,,,1949,1993,21
97,插旗山村志,迁入 Migration In,,知识青年 Educated Youth,,,1969,1972,21
118,百子畈村志,户数 Number of Households,,,,,1949,1952,289
118,百子畈村志,人口 Population,总人口 Total Population,,,,1949,1952,952
118,百子畈村志,迁入 Migration In,,户数 number of households,,,1957,1997,42
118,百子畈村志,迁入 Migration In,,人数 number of people,,,1957,1997,151
118,百子畈村志,迁入 Migration In,,知识青年 Educated Youth,,,1949,2015,25
118,百子畈村志,农转非 Agricultural to Non-Agricultural Hukou / Change of Residency Status,,,人数 number of people,,1949,2015,2085
127,浪营村志,迁出 Migration Out,,户数 number of households,,,1990,1999,22
127,浪营村志,迁出 Migration Out,,人数 number of people,,,1990,1999,130
130,起台堡村志,迁出 Migration Out,,人数 number of people,,,1949,2009,103
132,毕家上流村志,农转非 Agricultural to Non-Agricultural Hukou / Change of Residency Status,,,人数 number of people,,1967,1969,160
133,天穆村志,自然增长率 Natural Population Growth Rate (‰),,,,,1977,1979,14.84
134,梁堡村志,自然出生率 Birth Rate (‰),,,,,1962,1973,41.89
134,梁堡村志,自然出生率 Birth Rate (‰),,,,,1989,1990,29.51
134,梁堡村志,自然出生率 Birth Rate (‰),,,,,1991,2000,14.12
134,梁堡村志,自然出生率 Birth Rate (‰),,,,,2001,2010,12.07
134,梁堡村志,自然出生率 Birth Rate (‰),,,,,2011,2016,4.26
134,梁堡村志,迁出 Migration Out,,户数 number of households,,,1990,1999,27
134,梁堡村志,迁出 Migration Out,,人数 number of people,,,1990,1999,113
134,梁堡村志,自然出生率 Birth Rate (‰),,,,,1974,1981,27.85
135,苏波盖村志,迁入 Migration In,,知识青年 Educated Youth,,,1970,1979,186
135,苏波盖村志,迁入 Migration In,,知识青年 Educated Youth,,,1964,1977,84
136,丹村志,自然出生率 Birth Rate (‰),,,,,1980,1989,22
139,魁胆村志(送审稿),出生人数 Number of Births,,,,,1963,1965,20
139,魁胆村志(送审稿),出生人数 Number of Births,,,,,2000,2010,8
139,魁胆村志(送审稿),出生人数 Number of Births,,,,,1959,1961,8
139,魁胆村志(送审稿),死亡人数 Number of Deaths,,,,,1959,1961,30
142,纳家户村志,自然出生率 Birth Rate (‰),,,,,1950,1958,40
142,纳家户村志,自然出生率 Birth Rate (‰),,,,,1987,1996,17.95
142,纳家户村志,自然增长率 Natural Population Growth Rate (‰),,,,,1950,1958,26
142,纳家户村志,自然增长率 Natural Population Growth Rate (‰),,,,,1984,1995,12.93
142,纳家户村志,迁入 Migration In,,人数 number of people,,,1987,2009,619
142,纳家户村志,迁出 Migration Out,,人数 number of people,,,1987,2009,612
145,宝狮村志,流动人口/暂住人口 Migratory/Temporary Population,,,,,2009,2010,529
145,宝狮村志,迁入 Migration In,,知识青年 Educated Youth,,,1969,1976,64
148,西厂圪洞村志,流动人口/暂住人口 Migratory/Temporary Population,,,,,1949,2011,333
149,严小村村志,出生人数 Number of Births,,,,,1988,1993,96
149,严小村村志,死亡人数 Number of Deaths,,,,,1988,1993,23
149,严小村村志,出生人数 Number of Births,,,,,1994,1996,59
149,严小村村志,死亡人数 Number of Deaths,,,,,1994,1996,12
149,严小村村志,出生人数 Number of Births,,,,,1997,2001,61
149,严小村村志,死亡人数 Number of Deaths,,,,,1997,2001,29
149,严小村村志,迁出 Migration Out,,户数 number of households,,,1957,1959,5
154,马路村志,迁出 Migration Out,,户数 number of households,,,1968,2011,518
154,马路村志,迁出 Migration Out,,人数 number of people,,,1968,2011,1862
156,百花村志,迁入 Migration In,,户数 number of households,,,1989,1992,52
156,百花村志,迁入 Migration In,,人数 number of people,,,1989,1992,126
156,百花村志,农转非 Agricultural to Non-Agricultural Hukou / Change of Residency Status,,,人数 number of people,,1982,2010,1821
156,百花村志,农转非 Agricultural to Non-Agricultural Hukou / Change of Residency Status,,,户数 number of households,,1982,2010,556
158,茅草村志,出生人数 Number of Births,,,,,2000,2007,281
158,茅草村志,死亡人数 Number of Deaths,,,,,2000,2007,163
158,茅草村志,自然增长率 Natural Population Growth Rate (‰),,,,,1950,1978,15.8
158,茅草村志,残疾人数 Disabled Population,,,,智力残疾 Intellectual Disabilities,1997,1999,3
158,茅草村志,残疾人数 Disabled Population,,,,精神残疾 Mental Disabilities,1997,1999,1
158,茅草村志,残疾人数 Disabled Population,,,,听力语言残疾 Hearing and Speech Disabilities,1997,1999,2
160,逯家寨志,迁出 Migration Out,,户数 number of households,,,1957,1962,12
160,逯家寨志,迁出 Migration Out,,户数 number of households,,,1955,1960,5
162,丁达村志,迁出 Migration Out,,人数 number of people,,,1949,2008,300
163,莲麻坑村志,户数 Number of Households,,,,,1960,1969,300
163,莲麻坑村志,人口 Population,总人口 Total Population,,,,1960,1969,1800
168,杨树林子村志,人口 Population,总人口 Total Population,,,,2000,2010,1200
168,杨树林子村志,人口 Population,总人口 Total Population,,,,1949,1952,1100
168,杨树林子村志,人口 Population,男性人口 Male Population,,,,1949,1952,600
168,杨树林子村志,人口 Population,女性人口 Female Population,,,,1949,1952,500
169,永庆村志,迁出 Migration Out,,知识青年 Educated Youth,,,1968,1973,89
171,青林寺村志,迁出 Migration Out,,人数 number of people,,,1996,2002,1028
171,青林寺村志,迁出 Migration Out,,人数 number of people,,,2003,2006,202
172,定平村志,迁入 Migration In,,知识青年 Educated Youth,,,1969,1977,70
173,果山村志,流动人口/暂住人口 Migratory/Temporary Population,,,,,1980,2008,300
176,汪家塬村志,自然出生率 Birth Rate (‰),,,,,1960,1980,64.8
176,汪家塬村志,自然出生率 Birth Rate (‰),,,,,1981,2014,13.45
176,汪家塬村志,死亡率 Death Rate (‰),,,,,1981,2014,3.11
176,汪家塬村志,自然增长率 Natural Population Growth Rate (‰),,,,,1981,2014,14.13
176,汪家塬村志,迁入 Migration In,,人数 number of people,,,1950,1959,15
176,汪家塬村志,迁出 Migration Out,,人数 number of people,,,1950,1959,36
176,汪家塬村志,迁入 Migration In,,人数 number of people,,,1960,1969,21
176,汪家塬村志,迁入 Migration In,,户数 number of households,,,1960,1969,5
176,汪家塬村志,迁入 Migration In,,人数 number of people,,,1970,1979,37
176,汪家塬村志,迁入 Migration In,,户数 number of households,,,1970,1979,6
176,汪家塬村志,迁出 Migration Out,,人数 number of people,,,1980,1989,36
176,汪家塬村志,农转非 Agricultural to Non-Agricultural Hukou / Change of Residency Status,,,人数 number of people,,1980,1989,36
180,红城村志,迁入 Migration In,,知识青年 Educated Youth,,,1969,1970,11
181,弼唐村志,人口 Population,总人口 Total Population,,,,1990,1992,1815
184,横西村志,迁入 Migration In,,知识青年 Educated Youth,,,1970,1979,149
189,苑口村志,出生人数 Number of Births,,,,,1996,2005,91
189,苑口村志,死亡人数 Number of Deaths,,,,,1996,2005,78
189,苑口村志,迁入 Migration In,,知识青年 Educated Youth,,,1969,1970,80
191,塘尾村志,迁入 Migration In,,知识青年 Educated Youth,,,1968,1976,24
201,永联村志,出生人数 Number of Births,,,,,1985,1994,136
201,永联村志,死亡人数 Number of Deaths,,,,,1985,1994,41
201,永联村志,死亡率 Death Rate (‰),,,,,1985,1994,4.85
201,永联村志,自然出生率 Birth Rate (‰),,,,,1985,1994,15.91
201,永联村志,自然增长率 Natural Population Growth Rate (‰),,,,,1985,1994,11.06.
201,永联村志,迁入 Migration In,,户数 number of households,,,1995,2008,3498
201,永联村志,户数 Number of Households,,,,,1949,1973,192
201,永联村志,迁入 Migration In,,人数 number of people,,,1995,2008,8882
201,永联村志,迁入 Migration In,,人数 number of people,,,1949,1973,766
205,黄土村志,自然出生率 Birth Rate (‰),,,,,1949,1972,26
205,黄土村志,自然增长率 Natural Population Growth Rate (‰),,,,,1949,1972,12
205,黄土村志,迁入 Migration In,,人数 number of people,,,1992,1994,51
213,群安村志,迁入 Migration In,,知识青年 Educated Youth,,,1976,1981,28
218,九星村志,死亡率 Death Rate (‰),,,,,1949,1952,6.5
218,九星村志,死亡率 Death Rate (‰),,,,,1978,1979,3.8
218,九星村志,死亡率 Death Rate (‰),,,,,2006,2008,2.4
218,九星村志,迁入 Migration In,,知识青年 Educated Youth,,,1968,1977,79
218,九星村志,农转非 Agricultural to Non-Agricultural Hukou / Change of Residency Status,,,人数 number of people,,1958,1985,80
218,九星村志,农转非 Agricultural to Non-Agricultural Hukou / Change of Residency Status,,,人数 number of people,,1985,2010,2363
220,董棕河村志,自然增长率 Natural Population Growth Rate (‰),,,,,1987,1988,15
222,唐家岭村志,户数 Number of Households,,,,,1949,1952,300
222,唐家岭村志,人口 Population,总人口 Total Population,,,,1949,1952,1000
222,唐家岭村志,流动人口/暂住人口 Migratory/Temporary Population,,,,,1992,1995,1000
222,唐家岭村志,迁入 Migration In,,知识青年 Educated Youth,,,1973,1977,400
223,水闸口村志,自然出生率 Birth Rate (%),,,,,1963,1965,2.2
223,水闸口村志,自然增长率 Natural Population Growth Rate (%),,,,,1966,1976,12.5
227,后辛庄村志,迁出 Migration Out,,知识青年 Educated Youth,,,1969,1977,76
230,果园村志,流动人口/暂住人口 Migratory/Temporary Population,,,,,1985,1995,200
230,果园村志,流动人口/暂住人口 Migratory/Temporary Population,,,,,1998,2010,3291
230,果园村志,迁入 Migration In,,知识青年 Educated Youth,,,1968,1975,56
230,果园村志,农转非 Agricultural to Non-Agricultural Hukou / Change of Residency Status,,,人数 number of people,,1950,2012,200
231,众安村志,流动人口/暂住人口 Migratory/Temporary Population,,,,,2007,2015,503
231,众安村志,迁入 Migration In,,知识青年 Educated Youth,,,1968,1975,44
231,众安村志,农转非 Agricultural to Non-Agricultural Hukou / Change of Residency Status,,,人数 number of people,,1970,1972,10
232,马连道村志,人口 Population,总人口 Total Population,,,,1950,1960,1500
233,棠东村志,自然出生率 Birth Rate (%),,,,,1995,2004,13.34
236,榆林村志,出生人数 Number of Births,,,,,1949,1958,309
236,榆林村志,出生人数 Number of Births,,,,,1959,1968,406
236,榆林村志,出生人数 Number of Births,,,,,1969,1978,380
236,榆林村志,出生人数 Number of Births,,,,,1979,1988,484
236,榆林村志,出生人数 Number of Births,,,,,1989,1998,292
236,榆林村志,出生人数 Number of Births,,,,,1999,2008,144
236,榆林村志,出生人数 Number of Births,,,,,2009,2012,99
236,榆林村志,迁入 Migration In,,知识青年 Educated Youth,,,1966,1976,50
238,界龙村志,迁入 Migration In,,知识青年 Educated Youth,,,1968,1977,85
238,界龙村志,农转非 Agricultural to Non-Agricultural Hukou / Change of Residency Status,,,人数 number of people,,1950,2010,445
238,界龙村志,农转非 Agricultural to Non-Agricultural Hukou / Change of Residency Status,,,人数 number of people,,1992,2004,358
246,卫通村志,迁入 Migration In,,知识青年 Educated Youth,,,1968,1977,26
249,北桥村志,流动人口/暂住人口 Migratory/Temporary Population,,,,,2000,2004,6153
249,北桥村志,迁入 Migration In,,知识青年 Educated Youth,,,1968,1977,76
250,慧农村志,迁入 Migration In,,知识青年 Educated Youth,,,1968,1977,97
254,亭东村志,迁出 Migration Out,,知识青年 Educated Youth,,,1971,1980,71
255,民主村志,迁入 Migration In,,知识青年 Educated Youth,,,1966,1968,96
255,民主村志,迁入 Migration In,,知识青年 Educated Youth,,,1968,1977,96
257,华一村志,迁入 Migration In,,知识青年 Educated Youth,,,1968,1977,88
260,钱桥村志,迁入 Migration In,,知识青年 Educated Youth,,,1966,1978,26
262,新维村志,迁入 Migration In,,知识青年 Educated Youth,,,1965,1979,20
263,东张口村志,自然增长率 Natural Population Growth Rate (‰),,,,,1975,1977,12.1
263,东张口村志,自然增长率 Natural Population Growth Rate (‰),,,,,1980,1990,8.7
263,东张口村志,自然增长率 Natural Population Growth Rate (‰),,,,,1990,1994,8
276,大潘家村志,流动人口/暂住人口 Migratory/Temporary Population,,,,,1980,1990,200
278,国际村志,迁入 Migration In,,知识青年 Educated Youth,,,1964,1978,92
278,国际村志,农转非 Agricultural to Non-Agricultural Hukou / Change of Residency Status,,,人数 number of people,,2000,2003,1571
278,国际村志,农转非 Agricultural to Non-Agricultural Hukou / Change of Residency Status,,,户数 number of households,,2000,2003,511
278,国际村志,农转非 Agricultural to Non-Agricultural Hukou / Change of Residency Status,,,人数 number of people,,2000,2009,2172
281,碑登村志,自然增长率 Natural Population Growth Rate (‰),,,,,1960,1990,5.7
281,碑登村志,自然增长率 Natural Population Growth Rate (‰),,,,,1965,1980,13.2
281,碑登村志,自然增长率 Natural Population Growth Rate (‰),,,,,1990,2000,-5.7
281,碑登村志,迁入 Migration In,,知识青年 Educated Youth,,,1971,1975,138
282,何麻车村志,自然出生率 Birth Rate (‰),,,,,1950,1953,30
282,何麻车村志,自然增长率 Natural Population Growth Rate (‰),,,,,1959,1961,7.77
282,何麻车村志,自然出生率 Birth Rate (‰),,,,,1985,1997,10
282,何麻车村志,自然增长率 Natural Population Growth Rate (‰),,,,,1985,1997,7
291,官曲村志,自然出生率 Birth Rate (‰),,,,,1976,1990,15
294,北沙坡村志,自然增长率 Natural Population Growth Rate (‰),,,,,1974,1985,4.9
303,陈屯村志,户数 Number of Households,,,,,1949,1952,128
303,陈屯村志,人口 Population,总人口 Total Population,,,,1949,1952,832
303,陈屯村志,人口 Population,总人口 Total Population,,,,1985,1986,9168
309,开弦弓村志,残疾人数 Disabled Population,,,,听力语言残疾 Hearing and Speech Disabilities,2001,2010,5
309,开弦弓村志,残疾人数 Disabled Population,,,,肢体残疾 Amputation and/or Paralysis,2001,2010,23
309,开弦弓村志,残疾人数 Disabled Population,,,,精神残疾 Mental Disabilities,2001,2010,1
309,开弦弓村志,残疾人数 Disabled Population,,,,智力残疾 Intellectual Disabilities,2001,2010,9
309,开弦弓村志,残疾人数 Disabled Population,,,,残疾人总数 Total Disabled Population,2001,2010,82
314,凌塘村志,迁出 Migration Out,,人数 number of people,,,1977,2002,99
318,柳林屯村志,迁出 Migration Out,,人数 number of people,,,1953,1958,300
318,柳林屯村志,迁出 Migration Out,,人数 number of people,,,1949,1993,1030
322,后楼村志,迁入 Migration In,,知识青年 Educated Youth,,,1966,1976,50
322,后楼村志,迁出 Migration Out,,人数 number of people,,,1949,2014,3000
322,后楼村志,迁出 Migration Out,,知识青年 Educated Youth,,,1976,1979,50
326,江桃村志,迁入 Migration In,,知识青年 Educated Youth,,,1967,1970,32
334,灵岩村志,出生人数 Number of Births,,,,,2004,2008,123
334,灵岩村志,自然出生率 Birth Rate (‰),,,,,2004,2008,5.3
337,李巷村志,户数 Number of Households,,,,,1947,1952,745
347,北甸西村志,残疾人数 Disabled Population,,,,残疾人总数 Total Disabled Population,2006,2009,51
351,雷家崄村志,迁入 Migration In,,知识青年 Educated Youth,,,1969,1970,12
352,合兴村志,迁入 Migration In,,知识青年 Educated Youth,,,1961,1975,73
353,西街志,出生人数 Number of Births,,,,,1960,1976,841
353,西街志,死亡人数 Number of Deaths,,,,,1960,1976,188
353,西街志,出生人数 Number of Births,,,,,1977,1996,860
353,西街志,死亡人数 Number of Deaths,,,,,1977,1996,205
353,西街志,自然增长率 Natural Population Growth Rate (‰),,,,,1977,1996,15.87
357,义东沟村志,迁入 Migration In,,知识青年 Educated Youth,,,1968,1978,20
364,官井头村志,迁出 Migration Out,,知识青年 Educated Youth,,,1976,1980,50
368,油甘埔村志,迁入 Migration In,,知识青年 Educated Youth,,,1966,1976,100
369,尚介村志,迁入 Migration In,,知识青年 Educated Youth,,,1968,1971,108
378,马店村志,迁入 Migration In,,知识青年 Educated Youth,,,1969,1978,70
391,卢家巷村志,流动人口/暂住人口 Migratory/Temporary Population,,,,,1978,2013,2132
391,卢家巷村志,迁入 Migration In,,人数 number of people,,,1978,2013,26
391,卢家巷村志,迁入 Migration In,,户数 number of households,,,1978,2013,8
391,卢家巷村志,迁入 Migration In,,知识青年 Educated Youth,,,1968,1971,75
393,北皋村志,流动人口/暂住人口 Migratory/Temporary Population,,,,,1990,2005,11000
411,施厚村志,户数 Number of Households,,,,,1969,1981,1008
416,潘山村志,迁入 Migration In,,知识青年 Educated Youth,,,1968,1978,23
422,看丹村志,迁入 Migration In,,知识青年 Educated Youth,,,1968,1973,110
423,奶东村志,户数 Number of Households,,,,,1949,1952,112
423,奶东村志,人口 Population,总人口 Total Population,,,,1949,1952,858
425,夏雷村志,迁入 Migration In,,知识青年 Educated Youth,,,1968,1978,47
428,兴隆村志,迁入 Migration In,,知识青年 Educated Youth,,,1968,1974,21
430,石桥鲁道村志,户数 Number of Households,,,,,1949,1952,90
430,石桥鲁道村志,人口 Population,总人口 Total Population,,,,1949,1952,400
434,下栅村志,户数 Number of Households,,,,,1949,1953,305
434,下栅村志,户数 Number of Households,,,,,1954,1958,323
434,下栅村志,户数 Number of Households,,,,,1959,1963,375
434,下栅村志,户数 Number of Households,,,,,1964,1968,402
434,下栅村志,户数 Number of Households,,,,,1969,1973,461
434,下栅村志,户数 Number of Households,,,,,1974,1978,474
434,下栅村志,户数 Number of Households,,,,,1979,1983,463
434,下栅村志,户数 Number of Households,,,,,1984,1988,456
434,下栅村志,户数 Number of Households,,,,,1989,1993,501
434,下栅村志,户数 Number of Households,,,,,1994,2005,559
434,下栅村志,人口 Population,总人口 Total Population,,,,1949,1953,1188
434,下栅村志,人口 Population,总人口 Total Population,,,,1954,1958,1212
434,下栅村志,人口 Population,总人口 Total Population,,,,1959,1963,1286
434,下栅村志,人口 Population,总人口 Total Population,,,,1964,1968,1517
434,下栅村志,人口 Population,总人口 Total Population,,,,1969,1973,1680
434,下栅村志,人口 Population,总人口 Total Population,,,,1974,1978,1862
434,下栅村志,人口 Population,总人口 Total Population,,,,1979,1983,1845
434,下栅村志,人口 Population,总人口 Total Population,,,,1984,1988,1931
434,下栅村志,人口 Population,总人口 Total Population,,,,1989,1993,2061
434,下栅村志,人口 Population,总人口 Total Population,,,,1994,2005,2248
434,下栅村志,人口 Population,男性人口 Male Population,,,,1949,1953,654
434,下栅村志,人口 Population,男性人口 Male Population,,,,1954,1958,667
434,下栅村志,人口 Population,男性人口 Male Population,,,,1959,1963,644
434,下栅村志,人口 Population,男性人口 Male Population,,,,1964,1968,774
434,下栅村志,人口 Population,男性人口 Male Population,,,,1969,1973,856
434,下栅村志,人口 Population,男性人口 Male Population,,,,1974,1978,939
434,下栅村志,人口 Population,男性人口 Male Population,,,,1979,1983,927
434,下栅村志,人口 Population,男性人口 Male Population,,,,1984,1988,971
434,下栅村志,人口 Population,男性人口 Male Population,,,,1989,1993,1065
434,下栅村志,人口 Population,男性人口 Male Population,,,,1994,2005,1152
434,下栅村志,人口 Population,女性人口 Female Population,,,,1949,1953,534
434,下栅村志,人口 Population,女性人口 Female Population,,,,1954,1958,545
434,下栅村志,人口 Population,女性人口 Female Population,,,,1959,1963,642
434,下栅村志,人口 Population,女性人口 Female Population,,,,1964,1968,743
434,下栅村志,人口 Population,女性人口 Female Population,,,,1969,1973,824
434,下栅村志,人口 Population,女性人口 Female Population,,,,1974,1978,923
434,下栅村志,人口 Population,女性人口 Female Population,,,,1979,1983,918
434,下栅村志,人口 Population,女性人口 Female Population,,,,1984,1988,960
434,下栅村志,人口 Population,女性人口 Female Population,,,,1989,1993,998
434,下栅村志,人口 Population,女性人口 Female Population,,,,1994,2005,1096
434,下栅村志,出生人数 Number of Births,,,,,1949,1953,177
434,下栅村志,出生人数 Number of Births,,,,,1954,1958,242
434,下栅村志,出生人数 Number of Births,,,,,1959,1963,207
434,下栅村志,出生人数 Number of Births,,,,,1964,1968,256
434,下栅村志,出生人数 Number of Births,,,,,1969,1973,251
434,下栅村志,出生人数 Number of Births,,,,,1974,1978,203
434,下栅村志,出生人数 Number of Births,,,,,1979,1983,142
434,下栅村志,出生人数 Number of Births,,,,,1984,1988,162
434,下栅村志,出生人数 Number of Births,,,,,1989,1993,145
434,下栅村志,出生人数 Number of Births,,,,,1994,1998,169
434,下栅村志,出生人数 Number of Births,,,,,1999,2005,227
434,下栅村志,死亡人数 Number of Deaths,,,,,1949,1953,85
434,下栅村志,死亡人数 Number of Deaths,,,,,1954,1958,76
434,下栅村志,死亡人数 Number of Deaths,,,,,1959,1963,82
434,下栅村志,死亡人数 Number of Deaths,,,,,1964,1968,66
434,下栅村志,死亡人数 Number of Deaths,,,,,1969,1973,54
434,下栅村志,死亡人数 Number of Deaths,,,,,1974,1978,51
434,下栅村志,死亡人数 Number of Deaths,,,,,1979,1983,60
434,下栅村志,死亡人数 Number of Deaths,,,,,1984,1988,62
434,下栅村志,死亡人数 Number of Deaths,,,,,1989,1993,54
434,下栅村志,死亡人数 Number of Deaths,,,,,1994,1998,68
434,下栅村志,死亡人数 Number of Deaths,,,,,1999,2005,86
434,下栅村志,迁入 Migration In,,知识青年 Educated Youth,,,1968,1973,30
434,下栅村志,迁出 Migration Out,,人数 number of people,,,1954,1958,15
434,下栅村志,迁出 Migration Out,,人数 number of people,,,1964,1968,9
434,下栅村志,迁出 Migration Out,,人数 number of people,,,1969,1973,11
434,下栅村志,迁出 Migration Out,,人数 number of people,,,1974,1978,14
434,下栅村志,迁出 Migration Out,,人数 number of people,,,1979,1983,8
434,下栅村志,迁出 Migration Out,,人数 number of people,,,1984,1988,12
434,下栅村志,迁出 Migration Out,,人数 number of people,,,1989,1993,21
434,下栅村志,迁出 Migration Out,,人数 number of people,,,1994,1998,15
434,下栅村志,迁出 Migration Out,,人数 number of people,,,1999,2005,9
437,五坝村志,迁入 Migration In,,知识青年 Educated Youth,,,1973,1975,95
437,五坝村志,迁出 Migration Out,,人数 number of people,,,1950,2000,50
437,五坝村志,迁出 Migration Out,,户数 number of households,,,1950,2000,23
440,新房村志,户数 Number of Households,,,,,1949,1952,120
440,新房村志,户数 Number of Households,,,,,1970,1979,170
440,新房村志,户数 Number of Households,,,,,1980,1989,510
440,新房村志,户数 Number of Households,,,,,1990,1999,740
440,新房村志,人口 Population,总人口 Total Population,,,,1949,1952,900
440,新房村志,人口 Population,总人口 Total Population,,,,1970,1979,1450
440,新房村志,人口 Population,总人口 Total Population,,,,1980,1989,2200
440,新房村志,人口 Population,总人口 Total Population,,,,1990,1999,2780
442,西沟村志,迁入 Migration In,,知识青年 Educated Youth,,,1964,1979,58
451,万丰村志,流动人口/暂住人口 Migratory/Temporary Population,,,,,1996,1999,35000
457,太各庄村志,迁入 Migration In,,知识青年 Educated Youth,,,1968,1969,7
457,太各庄村志,迁出 Migration Out,,人数 number of people,,,2000,2009,46
457,太各庄村志,迁入 Migration In,,人数 number of people,,,2000,2009,44
457,太各庄村志,出生人数 Number of Births,,,,,2000,2009,63
457,太各庄村志,死亡人数 Number of Deaths,,,,,2000,2009,56
459,孙家小庄村志,自然增长率 Natural Population Growth Rate (‰),,,,,1998,2006,4.3
459,孙家小庄村志,农转非 Agricultural to Non-Agricultural Hukou / Change of Residency Status,,,人数 number of people,,1949,1969,122
459,孙家小庄村志,农转非 Agricultural to Non-Agricultural Hukou / Change of Residency Status,,,人数 number of people,,1970,1979,89
459,孙家小庄村志,农转非 Agricultural to Non-Agricultural Hukou / Change of Residency Status,,,人数 number of people,,1980,1989,76
459,孙家小庄村志,农转非 Agricultural to Non-Agricultural Hukou / Change of Residency Status,,,人数 number of people,,1990,1999,326
459,孙家小庄村志,农转非 Agricultural to Non-Agricultural Hukou / Change of Residency Status,,,人数 number of people,,2000,2006,92
460,大营村志,迁入 Migration In,,知识青年 Educated Youth,,,1969,1978,41
463,小溪村志,迁入 Migration In,,知识青年 Educated Youth,,,1968,1976,80
470,友爱村志,农转非 Agricultural to Non-Agricultural Hukou / Change of Residency Status,,,人数 number of people,,1976,1994,1109
474,徐马村志,迁出 Migration Out,,人数 number of people,,,1967,2000,844
474,徐马村志,迁出 Migration Out,,户数 number of households,,,1967,2000,165
476,园中村志,迁入 Migration In,,知识青年 Educated Youth,,,1963,1970,25
478,羊家冲村志,户数 Number of Households,,,,,1950,1959,264
478,羊家冲村志,户数 Number of Households,,,,,1960,1969,219
478,羊家冲村志,户数 Number of Households,,,,,1970,1979,336
478,羊家冲村志,户数 Number of Households,,,,,1980,1989,384
478,羊家冲村志,户数 Number of Households,,,,,1990,1999,423
478,羊家冲村志,人口 Population,男性人口 Male Population,,,,1990,1999,800
478,羊家冲村志,人口 Population,男性人口 Male Population,,,,1980,1989,757
478,羊家冲村志,人口 Population,男性人口 Male Population,,,,1970,1979,734
478,羊家冲村志,人口 Population,男性人口 Male Population,,,,1960,1969,597
478,羊家冲村志,人口 Population,男性人口 Male Population,,,,1950,1959,519
478,羊家冲村志,人口 Population,女性人口 Female Population,,,,1950,1959,502
478,羊家冲村志,人口 Population,女性人口 Female Population,,,,1960,1969,523
478,羊家冲村志,人口 Population,女性人口 Female Population,,,,1970,1979,643
478,羊家冲村志,人口 Population,女性人口 Female Population,,,,1980,1989,677
478,羊家冲村志,人口 Population,女性人口 Female Population,,,,1990,1999,713
478,羊家冲村志,人口 Population,总人口 Total Population,,,,1990,1999,1513
478,羊家冲村志,人口 Population,总人口 Total Population,,,,1980,1989,1434
478,羊家冲村志,人口 Population,总人口 Total Population,,,,1970,1979,1377
478,羊家冲村志,人口 Population,总人口 Total Population,,,,1960,1969,1120
478,羊家冲村志,人口 Population,总人口 Total Population,,,,1950,1959,1021
478,羊家冲村志,出生人数 Number of Births,,,,,1950,1959,269
478,羊家冲村志,出生人数 Number of Births,,,,,1960,1969,276
478,羊家冲村志,出生人数 Number of Births,,,,,1970,1979,346
478,羊家冲村志,出生人数 Number of Births,,,,,1980,1989,254
478,羊家冲村志,出生人数 Number of Births,,,,,1990,1999,282
478,羊家冲村志,死亡人数 Number of Deaths,,,,,1990,1999,120
478,羊家冲村志,死亡人数 Number of Deaths,,,,,1980,1989,102
478,羊家冲村志,死亡人数 Number of Deaths,,,,,1970,1979,74
478,羊家冲村志,死亡人数 Number of Deaths,,,,,1960,1969,102
478,羊家冲村志,死亡人数 Number of Deaths,,,,,1950,1959,95
478,羊家冲村志,迁入 Migration In,,人数 number of people,,,1950,1959,66
478,羊家冲村志,迁入 Migration In,,人数 number of people,,,1960,1969,79
478,羊家冲村志,迁入 Migration In,,人数 number of people,,,1970,1979,110
478,羊家冲村志,迁入 Migration In,,人数 number of people,,,1980,1989,133
478,羊家冲村志,迁入 Migration In,,人数 number of people,,,1990,1999,172
478,羊家冲村志,迁出 Migration Out,,人数 number of people,,,1990,1999,213
478,羊家冲村志,迁出 Migration Out,,人数 number of people,,,1980,1989,182
478,羊家冲村志,迁出 Migration Out,,人数 number of people,,,1970,1979,156
478,羊家冲村志,迁出 Migration Out,,人数 number of people,,,1960,1969,137
478,羊家冲村志,迁出 Migration Out,,人数 number of people,,,1950,1959,140
482,新建村志,流动人口/暂住人口 Migratory/Temporary Population,,,,,1992,1999,729
487,堡上村志,自然增长率 Natural Population Growth Rate (‰),,,,,1980,1984,10
487,堡上村志,自然增长率 Natural Population Growth Rate (‰),,,,,1993,1995,0
492,油坊村志,迁入 Migration In,,知识青年 Educated Youth,,,1968,1977,117
492,油坊村志,自然增长率 Natural Population Growth Rate (‰),,,,,1960,1990,5.7
492,油坊村志,自然增长率 Natural Population Growth Rate (‰),,,,,1965,1980,13.2
497,新中村志,自然增长率 Natural Population Growth Rate (‰),,,,,1980,2009,5
499,走马塘村志,迁入 Migration In,,知识青年 Educated Youth,,,1965,1979,20
511,西解甲庄村志,出生人数 Number of Births,,,,,1963,1972,373
511,西解甲庄村志,自然出生率 Birth Rate (‰),,,,,1963,1972,29.3
511,西解甲庄村志,自然增长率 Natural Population Growth Rate (‰),,,,,1963,1972,19
511,西解甲庄村志,迁入 Migration In,,人数 number of people,,,1963,1983,428
511,西解甲庄村志,迁入 Migration In,,人数 number of people,,,1993,2007,173
511,西解甲庄村志,迁出 Migration Out,,人数 number of people,,,1963,1983,563
511,西解甲庄村志,迁出 Migration Out,,人数 number of people,,,1993,2007,375
520,盐厂新村志,迁入 Migration In,,知识青年 Educated Youth,,,1968,1974,68
520,盐厂新村志,迁入 Migration In,,知识青年 Educated Youth,,,1974,1976,51
530,上棒村志,自然出生率 Birth Rate (‰),,,,,2009,2015,11.6
530,上棒村志,自然增长率 Natural Population Growth Rate (‰),,,,,1961,1962,2
530,上棒村志,自然增长率 Natural Population Growth Rate (‰),,,,,2009,2015,8.21
531,草陂村志,迁出 Migration Out,,人数 number of people,,,1949,2017,1481
531,草陂村志,迁出 Migration Out,,户数 number of households,,,1949,2017,330
538,魁胆村志,出生人数 Number of Births,,,,,1959,1961,8
538,魁胆村志,死亡人数 Number of Deaths,,,,,1959,1961,30
548,城畈村志,农转非 Agricultural to Non-Agricultural Hukou / Change of Residency Status,,,人数 number of people,,1984,1996,200
551,双湖村志,户数 Number of Households,,,,,1949,1952,270
551,双湖村志,人口 Population,总人口 Total Population,,,,1949,1952,1000
551,双湖村志,自然增长率 Natural Population Growth Rate (‰),,,,,1992,1997,7.46
551,双湖村志,迁入 Migration In,,户数 number of households,,,1960,1969,2
551,双湖村志,迁入 Migration In,,知识青年 Educated Youth,,,1967,1976,11
561,代州营村志,迁入 Migration In,,知识青年 Educated Youth,,,1966,1976,64
563,中桥村志,迁入 Migration In,,知识青年 Educated Youth,,,1968,1978,31
564,菜园头村志,自然增长率 Natural Population Growth Rate (%),,,,,1961,1977,2.17
564,菜园头村志,自然增长率 Natural Population Growth Rate (%),,,,,1978,2000,1.98
564,菜园头村志,自然增长率 Natural Population Growth Rate (%),,,,,2001,2015,2.1
566,马郡村志,自然出生率 Birth Rate (‰),,,,,1963,1972,43
569,方村志,出生人数 Number of Births,,,,,1950,1959,218
569,方村志,出生人数 Number of Births,,,,,1958,1960,38
569,方村志,出生人数 Number of Births,,,,,1962,1964,119
570,拱市村志,人口 Population,总人口 Total Population,,,,1949,1952,700
571,护城村志,出生人数 Number of Births,,,,,1960,1963,41
571,护城村志,死亡人数 Number of Deaths,,,,,1960,1963,60
589,锁口村志,自然出生率 Birth Rate (%),,,,,1950,1957,30
598,四合村志,人口 Population,总人口 Total Population,,,,1959,1961,607
598,四合村志,人口 Population,总人口 Total Population,,,,1966,1976,989
605,八角村志,农转非 Agricultural to Non-Agricultural Hukou / Change of Residency Status,,,人数 number of people,,2007,2008,1223
608,大王村志,迁入 Migration In,,人数 number of people,,,1966,1969,23
608,大王村志,迁入 Migration In,,户数 number of households,,,1966,1969,5
608,大王村志,迁入 Migration In,,户数 number of households,,,1966,1976,7
608,大王村志,迁入 Migration In,,知识青年 Educated Youth,,,1964,1979,710
609,长浜村志,迁入 Migration In,,知识青年 Educated Youth,,,1968,1997,86
611,沉香村志,迁入 Migration In,,知识青年 Educated Youth,,,1968,1975,100
611,沉香村志,农转非 Agricultural to Non-Agricultural Hukou / Change of Residency Status,,,人数 number of people,,2005,2015,3000
611,沉香村志,农转非 Agricultural to Non-Agricultural Hukou / Change of Residency Status,,,户数 number of households,,2005,2015,1400
612,东华村志,迁入 Migration In,,知识青年 Educated Youth,,,1967,1968,30
613,大星村志,迁入 Migration In,,知识青年 Educated Youth,,,1967,1969,15
614,成日村志,迁入 Migration In,,知识青年 Educated Youth,,,1967,1969,24
618,崔堡村志,迁入 Migration In,,知识青年 Educated Youth,,,1969,1978,30
619,仓场村志,迁入 Migration In,,户数 number of households,,,1961,1963,88
619,仓场村志,迁入 Migration In,,知识青年 Educated Youth,,,1968,1972,53
622,下岗村志,自然增长率 Natural Population Growth Rate (%),,,,,1953,1958,30
625,邓一村志,户数 Number of Households,,,,,1949,1952,254
625,邓一村志,人口 Population,男性人口 Male Population,,,,1949,1952,469
625,邓一村志,人口 Population,女性人口 Female Population,,,,1949,1952,553
625,邓一村志,人口 Population,总人口 Total Population,,,,1949,1952,1022
625,邓一村志,迁入 Migration In,,知识青年 Educated Youth,,,1969,1976,12
625,邓一村志,迁出 Migration Out,,人数 number of people,,,1996,2005,920
625,邓一村志,迁出 Migration Out,,户数 number of households,,,1996,2005,342
629,磅石村志,户数 Number of Households,,,,,1949,1952,46
629,磅石村志,人口 Population,总人口 Total Population,,,,1949,1952,256
633,陈胡村志,迁出 Migration Out,,知识青年 Educated Youth,,,1967,1969,10
633,陈胡村志,迁入 Migration In,,知识青年 Educated Youth,,,1967,1969,21
641,保卫村志,出生人数 Number of Births,,,,,1990,2010,228
641,保卫村志,死亡人数 Number of Deaths,,,,,1990,2010,299
641,保卫村志,迁入 Migration In,,人数 number of people,,,1960,1962,4
641,保卫村志,迁入 Migration In,,知识青年 Educated Youth,,,1968,1976,62
641,保卫村志,迁出 Migration Out,,人数 number of people,,,2005,2010,249
641,保卫村志,迁出 Migration Out,,户数 number of households,,,2005,2010,83
643,北金召村志,自然出生率 Birth Rate (‰),,,,,1950,1957,32
643,北金召村志,自然出生率 Birth Rate (‰),,,,,1959,1961,15
643,北金召村志,自然出生率 Birth Rate (‰),,,,,1962,1970,39
643,北金召村志,死亡率 Death Rate (‰),,,,,1950,1957,8
643,北金召村志,死亡率 Death Rate (‰),,,,,1959,1961,25
643,北金召村志,死亡率 Death Rate (‰),,,,,1962,1970,10
643,北金召村志,自然增长率 Natural Population Growth Rate (‰),,,,,1950,1957,24
643,北金召村志,自然增长率 Natural Population Growth Rate (‰),,,,,1959,1961,-11
643,北金召村志,自然增长率 Natural Population Growth Rate (‰),,,,,1962,1970,29
644,度城村志,迁入 Migration In,,知识青年 Educated Youth,,,1964,1968,46
653,高镇村志,出生人数 Number of Births,,,,,2005,2014,356
653,高镇村志,死亡人数 Number of Deaths,,,,,2005,2014,109
653,高镇村志,迁入 Migration In,,人数 number of people,,,2005,2014,177
653,高镇村志,迁入 Migration In,,知识青年 Educated Youth,,,1969,1977,7
653,高镇村志,迁出 Migration Out,,人数 number of people,,,2005,2014,36
658,义路村志,迁入 Migration In,,知识青年 Educated Youth,,,1973,1977,159
660,羊甫村志,迁入 Migration In,,知识青年 Educated Youth,,,1974,1975,76
660,羊甫村志,迁入 Migration In,,知识青年 Educated Youth,,,1973,1975,96
663,边院村志,迁入 Migration In,,人数 number of people,,,1986,1996,9
663,边院村志,迁入 Migration In,,户数 number of households,,,1986,1996,2
663,边院村志,农转非 Agricultural to Non-Agricultural Hukou / Change of Residency Status,,,人数 number of people,,1980,1996,196
663,边院村志,农转非 Agricultural to Non-Agricultural Hukou / Change of Residency Status,,,户数 number of households,,1980,1996,130
666,可建村志,迁入 Migration In,,知识青年 Educated Youth,,,1969,1971,186
668,八仙庄村志,户数 Number of Households,,,,,1950,1959,300
668,八仙庄村志,户数 Number of Households,,,,,1949,1952,280
668,八仙庄村志,人口 Population,总人口 Total Population,,,,1949,1952,700
668,八仙庄村志,人口 Population,总人口 Total Population,,,,1950,1959,1000
671,顾家村志,人口 Population,总人口 Total Population,,,,1950,1959,1400
671,顾家村志,人口 Population,总人口 Total Population,,,,1967,1969,2000
671,顾家村志,自然出生率 Birth Rate (‰),,,,,1967,1969,33
671,顾家村志,自然增长率 Natural Population Growth Rate (‰),,,,,1966,1969,20
675,大京村志,户数 Number of Households,,,,,1960,1969,1186
675,大京村志,户数 Number of Households,,,,,1970,1979,1250
675,大京村志,人口 Population,总人口 Total Population,,,,1960,1969,5930
675,大京村志,人口 Population,总人口 Total Population,,,,1970,1979,6100
681,白盆窑村志,迁入 Migration In,,知识青年 Educated Youth,,,1966,1976,100
683,杜家堡村志,流动人口/暂住人口 Migratory/Temporary Population,,,,,1950,1959,5
683,杜家堡村志,流动人口/暂住人口 Migratory/Temporary Population,,,,,1990,2010,200
684,杜山村志,迁入 Migration In,,知识青年 Educated Youth,,,1968,1976,120
689,北冯村志,迁入 Migration In,,知识青年 Educated Youth,,,1966,1976,30
695,东石村志,迁入 Migration In,,知识青年 Educated Youth,,,1970,1976,40
699,罗口村志,自然增长率 Natural Population Growth Rate (‰),,,,,1964,1977,20
699,罗口村志,自然增长率 Natural Population Growth Rate (‰),,,,,1982,2015,8
707,古方村志,迁入 Migration In,,知识青年 Educated Youth,,,1967,1979,39
709,工农村志,迁入 Migration In,,知识青年 Educated Youth,,,1968,1980,61
710,国庆村志,迁入 Migration In,,知识青年 Educated Youth,,,1968,1976,5
712,北庄村志,流动人口/暂住人口 Migratory/Temporary Population,,,,,1988,2010,333
713,东二旗村志,迁入 Migration In,,知识青年 Educated Youth,,,1966,1976,100
720,段家寨村志,迁入 Migration In,,知识青年 Educated Youth,,,1969,1976,69
720,段家寨村志,迁入 Migration In,,知识青年 Educated Youth,,,1971,1975,49
720,段家寨村志,迁入 Migration In,,知识青年 Educated Youth,,,1976,1980,12
722,安仁村志,迁入 Migration In,,知识青年 Educated Youth,,,1968,1978,50
725,长岭村志,迁出 Migration Out,,人数 number of people,,,1980,2008,178
727,大王岭村志,自然出生率 Birth Rate (‰),,,,,1977,1979,20.32
727,大王岭村志,死亡率 Death Rate (‰),,,,,1977,1979,6.97
727,大王岭村志,自然增长率 Natural Population Growth Rate (‰),,,,,1977,1979,14.02
730,五龙村志,迁入 Migration In,,知识青年 Educated Youth,,,1968,1980,84
733,森林村志,迁入 Migration In,,知识青年 Educated Youth,,,1968,1975,21
736,北邵洼村志,残疾人数 Disabled Population,,,,残疾人总数 Total Disabled Population,2008,2011,12
736,北邵洼村志,户数 Number of Households,,,,,1960,1963,80
736,北邵洼村志,人口 Population,总人口 Total Population,,,,1960,1963,400
736,北邵洼村志,户数 Number of Households,,,,,1970,1986,124
739,红星村志,迁出 Migration Out,,知识青年 Educated Youth,,,1963,1968,82
742,文义村志,人口 Population,总人口 Total Population,,,,1949,1952,539
745,韩圩村志,出生人数 Number of Births,,,,,1949,1953,242
745,韩圩村志,出生人数 Number of Births,,,,,1954,1960,440
745,韩圩村志,出生人数 Number of Births,,,,,1961,1982,240
745,韩圩村志,出生人数 Number of Births,,,,,1983,1990,265
745,韩圩村志,出生人数 Number of Births,,,,,1991,2000,166
745,韩圩村志,出生人数 Number of Births,,,,,2001,2015,341
745,韩圩村志,自然出生率 Birth Rate (‰),,,,,1949,1953,25
745,韩圩村志,自然出生率 Birth Rate (‰),,,,,1954,1960,25.1
745,韩圩村志,自然出生率 Birth Rate (‰),,,,,1961,1982,14.6
745,韩圩村志,自然出生率 Birth Rate (‰),,,,,1983,1990,13.3
745,韩圩村志,自然出生率 Birth Rate (‰),,,,,1991,2000,7.8
745,韩圩村志,自然出生率 Birth Rate (‰),,,,,2001,2015,10.6
745,韩圩村志,死亡人数 Number of Deaths,,,,,1949,1953,13
745,韩圩村志,死亡人数 Number of Deaths,,,,,1954,1960,17
745,韩圩村志,死亡人数 Number of Deaths,,,,,1961,1982,16
745,韩圩村志,死亡人数 Number of Deaths,,,,,1983,1990,19
745,韩圩村志,死亡人数 Number of Deaths,,,,,1991,2000,20
745,韩圩村志,死亡人数 Number of Deaths,,,,,2001,2015,28
745,韩圩村志,死亡率 Death Rate (‰),,,,,1949,1953,1.3
745,韩圩村志,死亡率 Death Rate (‰),,,,,1954,1960,1.9
745,韩圩村志,死亡率 Death Rate (‰),,,,,1961,1982,0.9
745,韩圩村志,死亡率 Death Rate (‰),,,,,1983,1990,0.95
745,韩圩村志,死亡率 Death Rate (‰),,,,,1991,2000,0.94
745,韩圩村志,死亡率 Death Rate (‰),,,,,2001,2015,1.1
745,韩圩村志,自然增长率 Natural Population Growth Rate (‰),,,,,1949,1953,23.6
745,韩圩村志,自然增长率 Natural Population Growth Rate (‰),,,,,1954,1960,24.1
745,韩圩村志,自然增长率 Natural Population Growth Rate (‰),,,,,1961,1982,13.7
745,韩圩村志,自然增长率 Natural Population Growth Rate (‰),,,,,1983,1990,12.3
745,韩圩村志,自然增长率 Natural Population Growth Rate (‰),,,,,1991,2000,6.8
745,韩圩村志,自然增长率 Natural Population Growth Rate (‰),,,,,2001,2015,9.3
745,韩圩村志,迁入 Migration In,,人数 number of people,,,1949,1953,55
745,韩圩村志,迁入 Migration In,,人数 number of people,,,1954,1960,371
745,韩圩村志,迁入 Migration In,,人数 number of people,,,1961,1982,48
745,韩圩村志,迁入 Migration In,,人数 number of people,,,1983,1990,96
745,韩圩村志,迁入 Migration In,,人数 number of people,,,2001,2015,11
745,韩圩村志,迁出 Migration Out,,人数 number of people,,,1949,1953,2
745,韩圩村志,迁出 Migration Out,,人数 number of people,,,1954,1960,8
745,韩圩村志,迁出 Migration Out,,人数 number of people,,,1961,1982,343
745,韩圩村志,迁出 Migration Out,,人数 number of people,,,1983,1990,342
745,韩圩村志,迁出 Migration Out,,人数 number of people,,,1991,2000,15
745,韩圩村志,迁出 Migration Out,,人数 number of people,,,2001,2015,17
756,姜城村志,出生人数 Number of Births,,,,,1949,1994,3800
756,姜城村志,死亡人数 Number of Deaths,,,,,1949,1994,593
763,新卫村志,流动人口/暂住人口 Migratory/Temporary Population,,,,,1990,2010,1000
763,新卫村志,迁入 Migration In,,知识青年 Educated Youth,,,1968,1977,37
765,贺北村志,迁入 Migration In,,知识青年 Educated Youth,,,1969,1970,51
769,桑园村志,迁入 Migration In,,户数 number of households,,,1950,2010,15
769,桑园村志,迁入 Migration In,,知识青年 Educated Youth,,,1966,1976,63
769,桑园村志,迁出 Migration Out,,户数 number of households,,,1950,2010,9
769,桑园村志,出生人数 Number of Births,,,,,1950,1959,437
769,桑园村志,出生人数 Number of Births,,,,,1960,1969,373
769,桑园村志,出生人数 Number of Births,,,,,1970,1979,298
769,桑园村志,出生人数 Number of Births,,,,,1980,1989,238
769,桑园村志,出生人数 Number of Births,,,,,1990,1999,128
769,桑园村志,出生人数 Number of Births,,,,,2000,2009,139
769,桑园村志,死亡人数 Number of Deaths,,,,,1950,1959,58
769,桑园村志,死亡人数 Number of Deaths,,,,,1960,1969,85
769,桑园村志,死亡人数 Number of Deaths,,,,,1970,1979,126
769,桑园村志,死亡人数 Number of Deaths,,,,,1980,1989,144
769,桑园村志,死亡人数 Number of Deaths,,,,,1990,1999,180
769,桑园村志,死亡人数 Number of Deaths,,,,,2000,2009,293
769,桑园村志,自然增长率 Natural Population Growth Rate (‰),,,,,1950,1959,24.44
769,桑园村志,自然增长率 Natural Population Growth Rate (‰),,,,,1960,1969,15.22
769,桑园村志,自然增长率 Natural Population Growth Rate (‰),,,,,1970,1979,7.43
769,桑园村志,自然增长率 Natural Population Growth Rate (‰),,,,,1980,1989,4.14
769,桑园村志,自然增长率 Natural Population Growth Rate (‰),,,,,1990,1999,-2.26
769,桑园村志,自然增长率 Natural Population Growth Rate (‰),,,,,2000,2009,-5.98
784,车陂村志,流动人口/暂住人口 Migratory/Temporary Population,,,,,1979,1985,2000
784,车陂村志,流动人口/暂住人口 Migratory/Temporary Population,,,,,1986,1995,10000
784,车陂村志,农转非 Agricultural to Non-Agricultural Hukou / Change of Residency Status,,,人数 number of people,,1990,2000,3000
787,路口村志,人口 Population,总人口 Total Population,,,,1958,1960,1200
787,路口村志,人口 Population,总人口 Total Population,,,,1966,1976,1450
787,路口村志,人口 Population,总人口 Total Population,,,,1978,1991,1630
790,新盛村志,自然增长率 Natural Population Growth Rate (‰),,,,,1950,1965,3
790,新盛村志,自然增长率 Natural Population Growth Rate (‰),,,,,1965,1982,8.33
790,新盛村志,自然出生率 Birth Rate (‰),,,,,1982,1999,1.04
790,新盛村志,流动人口/暂住人口 Migratory/Temporary Population,,,,,1980,1983,100
790,新盛村志,流动人口/暂住人口 Migratory/Temporary Population,,,,,1987,1989,400
790,新盛村志,流动人口/暂住人口 Migratory/Temporary Population,,,,,1994,1996,800
790,新盛村志,流动人口/暂住人口 Migratory/Temporary Population,,,,,1997,1999,1200
790,新盛村志,迁入 Migration In,,知识青年 Educated Youth,,,1968,1981,46
790,新盛村志,农转非 Agricultural to Non-Agricultural Hukou / Change of Residency Status,,,户数 number of households,,2001,2002,687
790,新盛村志,农转非 Agricultural to Non-Agricultural Hukou / Change of Residency Status,,,人数 number of people,,2001,2002,1644
790,新盛村志,农转非 Agricultural to Non-Agricultural Hukou / Change of Residency Status,,,人数 number of people,,2000,2003,2120
790,新盛村志,农转非 Agricultural to Non-Agricultural Hukou / Change of Residency Status,,,户数 number of households,,2000,2003,934
792,北固碾村志,迁入 Migration In,,知识青年 Educated Youth,,,1969,1975,170
793,曹各庄村志,迁入 Migration In,,知识青年 Educated Youth,,,1972,1976,200
794,北马房村志,流动人口/暂住人口 Migratory/Temporary Population,,,,,2002,2003,2000
794,北马房村志,流动人口/暂住人口 Migratory/Temporary Population,,,,,2004,2005,3000
794,北马房村志,流动人口/暂住人口 Migratory/Temporary Population,,,,,2006,2008,5000
795,西小营村志,迁入 Migration In,,知识青年 Educated Youth,,,1971,1976,60
798,旧飞鹅村村志,户数 Number of Households,,,,,1947,1952,87
798,旧飞鹅村村志,人口 Population,总人口 Total Population,,,,1947,1952,480
804,北岭头村志,出生人数 Number of Births,,,,,1950,1959,250
804,北岭头村志,出生人数 Number of Births,,,,,1960,1969,280
804,北岭头村志,出生人数 Number of Births,,,,,1970,1979,250
804,北岭头村志,出生人数 Number of Births,,,,,1980,1989,130
804,北岭头村志,出生人数 Number of Births,,,,,1990,1999,110
804,北岭头村志,出生人数 Number of Births,,,,,2000,2009,50
809,沙坪寺村志,迁入 Migration In,,知识青年 Educated Youth,,,1970,1975,20
814,鳌头村志,迁入 Migration In,,知识青年 Educated Youth,,,1975,1977,18
820,白洋村志,迁入 Migration In,,知识青年 Educated Youth,,,1968,1976,57
827,营前村志,迁入 Migration In,,知识青年 Educated Youth,,,1968,1973,22
829,鸡翅岭村志,迁入 Migration In,,知识青年 Educated Youth,,,1968,1975,19
834,张桥村志,迁入 Migration In,,知识青年 Educated Youth,,,1968,1977,112
853,坂田村志,迁入 Migration In,,知识青年 Educated Youth,,,1969,1977,4
857,下邽志村志,户数 Number of Households,,,,,1950,1959,70
857,下邽志村志,户数 Number of Households,,,,,1960,1969,200
857,下邽志村志,户数 Number of Households,,,,,1970,1979,210
857,下邽志村志,户数 Number of Households,,,,,1980,1989,240
857,下邽志村志,户数 Number of Households,,,,,1990,1999,300
857,下邽志村志,人口 Population,总人口 Total Population,,,,1950,1959,300
857,下邽志村志,人口 Population,总人口 Total Population,,,,1960,1969,800
857,下邽志村志,人口 Population,总人口 Total Population,,,,1970,1979,900
857,下邽志村志,人口 Population,总人口 Total Population,,,,1980,1989,1000
857,下邽志村志,人口 Population,总人口 Total Population,,,,1990,1999,1200
875,海口里仁村志,迁入 Migration In,,知识青年 Educated Youth,,,1974,1979,107
879,恬庄村志,出生人数 Number of Births,,,,,1992,2004,365
879,恬庄村志,自然增长率 Natural Population Growth Rate (‰),,,,,1992,2004,-1.83
886,大峡谷村志,迁入 Migration In,,知识青年 Educated Youth,,,1969,1977,29
887,胡家坟村志,迁入 Migration In,,知识青年 Educated Youth,,,1966,1976,44
887,胡家坟村志,迁出 Migration Out,,知识青年 Educated Youth,,,1966,1976,16
889,杓袁村志,死亡率 Death Rate (%),,,,,1949,1958,12
889,杓袁村志,死亡率 Death Rate (%),,,,,1959,1968,11
889,杓袁村志,死亡率 Death Rate (%),,,,,2004,2015,2.5
889,杓袁村志,流动人口/暂住人口 Migratory/Temporary Population,,,,,2011,2014,50000
889,杓袁村志,迁入 Migration In,,知识青年 Educated Youth,,,1966,1976,7
890,西河村志,出生人数 Number of Births,,,,,1988,2010,334
890,西河村志,死亡人数 Number of Deaths,,,,,1988,2010,181
890,西河村志,迁入 Migration In,,人数 number of people,,,1985,2010,420
890,西河村志,迁出 Migration Out,,人数 number of people,,,1985,2010,362
893,东桃村志,迁入 Migration In,,知识青年 Educated Youth,,,1969,1976,89
900,欧桥村志,出生人数 Number of Births,,,,,2004,2015,487
900,欧桥村志,死亡人数 Number of Deaths,,,,,2004,2015,476
900,欧桥村志,自然出生率 Birth Rate (‰),,,,,2004,2015,7.12
900,欧桥村志,死亡率 Death Rate (‰),,,,,2004,2015,6.85
900,欧桥村志,迁入 Migration In,,人数 number of people,,,2010,2015,405
900,欧桥村志,迁出 Migration Out,,人数 number of people,,,2010,2015,116
906,龙泉村志,迁入 Migration In,,知识青年 Educated Youth,,,1966,1980,63
908,黄岭村志,农转非 Agricultural to Non-Agricultural Hukou / Change of Residency Status,,,人数 number of people,,1990,1993,50
908,黄岭村志,农转非 Agricultural to Non-Agricultural Hukou / Change of Residency Status,,,人数 number of people,,1984,1989,200
909,西水磨村志,迁出 Migration Out,,人数 number of people,,,1959,1960,8
909,西水磨村志,迁出 Migration Out,,户数 number of households,,,1949,2008,24
914,吴兴村志,迁入 Migration In,,知识青年 Educated Youth,,,1973,1976,64
919,劳动村志,迁入 Migration In,,知识青年 Educated Youth,,,1968,1977,66
920,和平村志,迁入 Migration In,,知识青年 Educated Youth,,,1968,1978,100
920,和平村志,迁出 Migration Out,,人数 number of people,,,1989,2010,428
922,建农村志,迁入 Migration In,,知识青年 Educated Youth,,,1966,1977,59
922,建农村志,农转非 Agricultural to Non-Agricultural Hukou / Change of Residency Status,,,人数 number of people,,1949,1969,21
922,建农村志,农转非 Agricultural to Non-Agricultural Hukou / Change of Residency Status,,,人数 number of people,,1970,1999,17
926,东六合村志,户数 Number of Households,,,,,1960,1969,67
926,东六合村志,人口 Population,总人口 Total Population,,,,1960,1969,200
926,东六合村志,迁出 Migration Out,,户数 number of households,,,1955,1958,52
926,东六合村志,迁出 Migration Out,,人数 number of people,,,1955,1958,200
927,光明村志,迁入 Migration In,,知识青年 Educated Youth,,,1968,1977,44
930,兴朱村志,出生人数 Number of Births,,,,,1958,1961,6
930,兴朱村志,死亡人数 Number of Deaths,,,,,1958,1961,70
931,小许庄村志,户数 Number of Households,,,,,1949,1952,168
931,小许庄村志,人口 Population,总人口 Total Population,,,,1949,1952,800
932,邢庄村志,出生人数 Number of Births,,,,,1949,1980,118
932,邢庄村志,出生人数 Number of Births,,,,,1980,2014,90
934,微水村志,迁入 Migration In,,知识青年 Educated Youth,,,1968,1978,36
934,微水村志,农转非 Agricultural to Non-Agricultural Hukou / Change of Residency Status,,,户数 number of households,,1951,1958,11
934,微水村志,迁出 Migration Out,,人数 number of people,,,1951,1958,37
936,蒋庄村志,迁入 Migration In,,知识青年 Educated Youth,,,1968,1975,87
939,邢寨村志,迁出 Migration Out,,人数 number of people,,,1949,1995,298
939,邢寨村志,迁入 Migration In,,人数 number of people,,,1949,1995,36
939,邢寨村志,迁入 Migration In,,知识青年 Educated Youth,,,1968,1976,57
941,金红村志,迁入 Migration In,,人数 number of people,,,1961,1962,80
941,金红村志,迁入 Migration In,,知识青年 Educated Youth,,,1968,1977,66
945,大北村志,迁入 Migration In,,户数 number of households,,,1990,2012,38
945,大北村志,迁入 Migration In,,人数 number of people,,,1990,2012,105
945,大北村志,迁出 Migration Out,,户数 number of households,,,1990,2012,80
946,金建村志,迁入 Migration In,,知识青年 Educated Youth,,,1968,1977,52
949,西王村志,户数 Number of Households,,,,,1949,1952,130
949,西王村志,人口 Population,总人口 Total Population,,,,1949,1952,370
953,后郭村志,迁入 Migration In,,知识青年 Educated Youth,,,1966,1976,18
955,和平村志,迁入 Migration In,,知识青年 Educated Youth,,,1962,1978,310
957,城东村志,死亡人数 Number of Deaths,,,,,1955,1964,179
957,城东村志,死亡人数 Number of Deaths,,,,,1975,1985,89
957,城东村志,死亡人数 Number of Deaths,,,,,1986,1995,90
965,崔楼村志,迁入 Migration In,,人数 number of people,,,1971,1972,1013
969,南窑头村,迁入 Migration In,,知识青年 Educated Youth,,,1975,1978,74
974,箭泾村志,迁入 Migration In,,知识青年 Educated Youth,,,1966,1976,58
982,车厂村志,户数 Number of Households,,,,,1949,1952,170
982,车厂村志,人口 Population,总人口 Total Population,,,,1949,1952,500
982,车厂村志,迁入 Migration In,,知识青年 Educated Youth,,,1966,1976,21
987,华新村志,自然出生率 Birth Rate (‰),,,,,2001,2007,12
992,故城村志,迁入 Migration In,,知识青年 Educated Youth,,,1969,1975,16
994,廖家林村志,户数 Number of Households,,,,,2000,2002,1361
994,廖家林村志,户数 Number of Households,,,,,2003,2005,1360
994,廖家林村志,户数 Number of Households,,,,,2005,2011,1504
994,廖家林村志,人口 Population,总人口 Total Population,,,,2000,2002,4280
994,廖家林村志,人口 Population,总人口 Total Population,,,,2003,2005,4278
994,廖家林村志,人口 Population,总人口 Total Population,,,,2005,2011,4458
994,廖家林村志,迁入 Migration In,,知识青年 Educated Youth,,,1975,1976,89
