村志代码 Gazetteer Code,村志书名 Gazetteer Title,液化气 Liquefied Gas,管道燃气 Pipeline Gas,天然气 Natural Gas,自来水 Tap Water,供电 Electricity Service,电视机 Television Set,电话机 Telephone,有线广播 Wired-line Broadcasting
1,太平店村志,n/a,n/a,n/a,n/a,n/a,1969,n/a,1956
2,叶店村志,n/a,n/a,n/a,n/a,1962,1966,n/a,n/a
3,马鞭田村志,n/a,n/a,n/a,n/a,1979,n/a,n/a,n/a
4,万秀村志,n/a,n/a,n/a,n/a,1955,n/a,1955,n/a
5,光淀村志,n/a,n/a,n/a,1979,1972,n/a,1999,n/a
6,方等村志,n/a,n/a,n/a,n/a,1966,1972,1957,1965
7,渔津洼村志,n/a,n/a,n/a,n/a,1961,n/a,n/a,n/a
8,板板桥村志,n/a,n/a,n/a,n/a,n/a,1987,n/a,1968
9,仓上村志,n/a,n/a,n/a,1980,n/a,1981,n/a,n/a
10,草场地村志,n/a,n/a,n/a,n/a,n/a,n/a,n/a,1958
12,东侯坊村志,n/a,n/a,n/a,1983,n/a,1971,1958,n/a
13,黄土岗村志,n/a,n/a,n/a,n/a,n/a,1979,n/a,1958
14,桑耳庄村志,n/a,n/a,n/a,n/a,n/a,1984,1952,1957
15,三合村志,n/a,n/a,n/a,n/a,n/a,1976,n/a,n/a
17,单家村村志,n/a,n/a,n/a,1986,n/a,n/a,1956,n/a
18,生产村志,n/a,n/a,n/a,n/a,1968,n/a,n/a,n/a
19,树园村志,n/a,n/a,n/a,1981,1965,n/a,n/a,1958
20,西黄村村志,n/a,n/a,n/a,1989,1957,n/a,1958,n/a
21,张坊村志,n/a,n/a,n/a,1986,1962,n/a,n/a,n/a
22,张家圩子村志,n/a,n/a,n/a,2005,1977,1980,n/a,1968
23,凤池村志,n/a,n/a,n/a,1992,1958,n/a,n/a,n/a
24,楼村志,n/a,n/a,n/a,1986,1972,n/a,n/a,n/a
25,马头村志,n/a,n/a,n/a,n/a,1957,1977,n/a,1958
26,孟莲村志,n/a,n/a,n/a,1995,1963,n/a,n/a,n/a
27,马岭村志,n/a,n/a,n/a,2004,n/a,n/a,n/a,n/a
28,莲塘村志,n/a,n/a,n/a,2000,1974,n/a,n/a,n/a
29,刘国忠村志,n/a,n/a,n/a,2000,1998,1998,n/a,n/a
31,南凤山村志,n/a,n/a,n/a,1950,1950,1974,n/a,n/a
32,井亭村志,1991,2002,2005,1987,1959,n/a,1981,1956
34,胡家村志,n/a,n/a,n/a,n/a,1968,n/a,n/a,n/a
35,洪塘头村志,n/a,n/a,n/a,2000,n/a,2002,1992,n/a
36,周家巷村志,n/a,n/a,n/a,2004,1962,n/a,n/a,n/a
37,联盟村志,n/a,n/a,n/a,1967,1953,n/a,1970,n/a
38,梁口村志,n/a,n/a,n/a,n/a,1968,n/a,n/a,n/a
40,金家坪村志,n/a,n/a,n/a,n/a,n/a,2003,n/a,n/a
41,博潭村志,n/a,n/a,n/a,n/a,1966,1981,n/a,1984
42,新桥村志,1995,n/a,n/a,1986,1958,n/a,n/a,1956
43,草厂村志,n/a,n/a,n/a,1971,1959,n/a,n/a,n/a
44,大吕庄村志,n/a,n/a,n/a,n/a,1970,1981,1986,1956
45,定安村志,n/a,n/a,n/a,n/a,n/a,1987,n/a,1957
46,方家村志,n/a,n/a,n/a,1985,n/a,n/a,n/a,n/a
47,冯桥村志,n/a,n/a,n/a,1985,1963,n/a,n/a,1961
48,小瓦窑村志,n/a,n/a,n/a,1990,1958,1975,n/a,1958
49,富强村志,n/a,n/a,n/a,1979,1964,n/a,1957,n/a
51,潭前王村志,n/a,n/a,n/a,n/a,n/a,n/a,1950,n/a
52,郭家沟村,n/a,n/a,n/a,1987,1968,n/a,n/a,n/a
53,牟家村志,n/a,n/a,2006,1988,1967,n/a,n/a,n/a
54,西官庄村志,n/a,n/a,n/a,n/a,1964,n/a,1960,1959
55,西园村志,n/a,n/a,n/a,1982,1966,n/a,n/a,n/a
56,沐陂村志,n/a,n/a,n/a,2004,1958,n/a,n/a,n/a
57,尧治河村志,n/a,n/a,n/a,2002,1990,1991,1998,1970
58,袁家沟村志,n/a,n/a,n/a,1985,1960,n/a,1992,n/a
59,云水村志,n/a,n/a,n/a,2000,1969,1979,2001,n/a
60,平地村志,n/a,n/a,n/a,n/a,n/a,n/a,n/a,1955
61,西高庄村志,n/a,n/a,n/a,1958,1988,1994,n/a,n/a
62,新华村志,n/a,n/a,n/a,n/a,1961,n/a,1984,n/a
63,盘山村志,n/a,n/a,n/a,1995,1971,1984,1956,1957
64,三路居村志,n/a,n/a,n/a,n/a,1957,1995,1958,1971
65,仙台村村志,n/a,n/a,n/a,n/a,1961,1980,1961,1964
66,四马台村志,n/a,n/a,n/a,1982,1969,n/a,n/a,1958
67,西洞头村志,n/a,n/a,n/a,1977,1961,n/a,n/a,n/a
71,前夹山村志,n/a,n/a,n/a,1983,1960,1980,1991,n/a
72,浦联村志,n/a,n/a,n/a,n/a,1961,1980,1964,1964
73,三元朱村志,n/a,n/a,n/a,1988,n/a,1978,1987,1958
74,上东廓村志,n/a,n/a,n/a,1984,1961,1977,1994,1958
76,沁水营村志,n/a,n/a,n/a,1987,1961,1972,1988,1970
77,三洋村志,n/a,n/a,n/a,1985,1967,n/a,n/a,1956
78,三八里村志,n/a,n/a,n/a,1984,n/a,1981,1984,1958
80,新店村志,n/a,n/a,n/a,1979,n/a,n/a,n/a,n/a
81,北仪仙村志,n/a,n/a,n/a,1994,1962,1975,1960,1961
82,北良侯村志,n/a,n/a,n/a,n/a,1972,1985,n/a,n/a
83,柏沟村志,n/a,n/a,n/a,1987,1974,1983,1958,1958
84,三力村志,n/a,n/a,n/a,2003,n/a,n/a,n/a,n/a
86,石䧱村志,n/a,n/a,n/a,n/a,1977,1995,n/a,n/a
87,坦头村志,n/a,n/a,n/a,1999,1980,1981,1956,n/a
88,传字营村志,n/a,n/a,n/a,1983,1961,1992,1958,1960
89,新立村志,n/a,n/a,1987,1975,n/a,n/a,1953,1957
90,高山村志,n/a,n/a,n/a,2002,1970,1981,n/a,n/a
91,福保村志,n/a,n/a,n/a,1980,1958,n/a,n/a,n/a
92,上南村志,n/a,n/a,n/a,2007,1977,n/a,n/a,n/a
93,霍庄子村志,n/a,n/a,n/a,n/a,n/a,n/a,1958,n/a
94,长畛村志,n/a,2006,n/a,2005,n/a,n/a,n/a,n/a
95,大河村志,n/a,n/a,n/a,n/a,n/a,n/a,1958,n/a
96,大蒋庄村志,n/a,n/a,n/a,1975,1956,n/a,n/a,1965
97,插旗山村志,n/a,n/a,n/a,2001,1983,1983,1952,1967
98,福德村志,n/a,n/a,n/a,1982,1965,1978,n/a,n/a
100,崖堡村志,n/a,n/a,n/a,n/a,1989,n/a,n/a,n/a
106,柳州·村志 : 柳城卷,n/a,n/a,n/a,n/a,n/a,2006,2006,n/a
113,东古城村志,n/a,n/a,n/a,2009,1973,1981,n/a,1956
114,涌泉村志,n/a,n/a,n/a,2006,1977,n/a,n/a,n/a
115,荷湖村志,n/a,n/a,n/a,1987,1962,1982,1957,1957
116,青峰村志,n/a,n/a,n/a,n/a,1982,n/a,n/a,n/a
117,正蓝前二村志,n/a,n/a,n/a,n/a,1970,n/a,n/a,n/a
118,百子畈村志,n/a,n/a,n/a,1967,1959,n/a,n/a,n/a
119,三堰埫村志,n/a,n/a,n/a,n/a,n/a,n/a,n/a,1956
120,小库木尔村志,n/a,n/a,n/a,2000,1983,n/a,n/a,n/a
121,马村志,n/a,n/a,n/a,n/a,1987,1988,1955,1958
123,小三家子村志,n/a,n/a,n/a,n/a,1957,n/a,1974,n/a
124,复兴村志,n/a,n/a,n/a,n/a,1967,1980,1994,n/a
125,长见村志,n/a,n/a,n/a,n/a,1977,n/a,n/a,1969
126,文大村志,n/a,n/a,n/a,1985,1988,n/a,n/a,n/a
127,浪营村志,n/a,n/a,n/a,n/a,1980,n/a,n/a,1956
128,白沙村志,n/a,n/a,n/a,1981,1968,1987,n/a,1965
129,高庙村志,n/a,n/a,n/a,n/a,1965,n/a,1952,1956
131,双庄村村志,n/a,n/a,n/a,n/a,n/a,n/a,n/a,2014
132,毕家上流村志,n/a,n/a,n/a,1990,1967,n/a,1958,1956
133,天穆村志,n/a,1986,2006,1950,n/a,n/a,n/a,1958
134,梁堡村志,n/a,n/a,n/a,n/a,1975,n/a,1996,n/a
135,苏波盖村志,n/a,n/a,n/a,2003,1966,n/a,n/a,n/a
136,丹村志,n/a,n/a,n/a,2012,n/a,n/a,n/a,n/a
138,东颜村志,n/a,n/a,n/a,n/a,1974,1986,1995,n/a
139,魁胆村志(送审稿),n/a,n/a,n/a,2002,1993,n/a,n/a,n/a
140,隆里所村志,n/a,n/a,n/a,2004,n/a,n/a,n/a,n/a
141,大三家村志,n/a,n/a,n/a,1985,1961,1976,2000,1961
142,纳家户村志,n/a,n/a,n/a,2005,n/a,n/a,n/a,1956
143,防川村志,n/a,n/a,n/a,1995,n/a,n/a,1965,n/a
144,上庄村志,n/a,n/a,n/a,1998,1973,1980,1992,1963
145,宝狮村志,n/a,n/a,n/a,1978,1971,n/a,1992,1970
146,凤凰庙村志,n/a,n/a,n/a,n/a,1987,n/a,1999,1970
147,卖花渔村志,n/a,n/a,n/a,1997,n/a,1998,1997,n/a
148,西厂圪洞村志,n/a,n/a,n/a,2010,1966,n/a,n/a,n/a
149,严小村村志,n/a,n/a,n/a,1978,1961,n/a,n/a,1970
150,宝才村志,n/a,n/a,n/a,1997,1975,n/a,n/a,1970
151,宜安村志,n/a,n/a,n/a,1976,1959,1977,1957,1967
153,叶坪村志,n/a,n/a,n/a,n/a,1969,1984,1956,1956
154,马路村志,n/a,n/a,n/a,1976,1971,1976,1958,1964
156,百花村志,n/a,n/a,n/a,1976,n/a,1981,1958,1956
157,上桥村志,n/a,n/a,1986,1992,n/a,1992,n/a,1956
158,茅草村志,n/a,2006,n/a,1998,1963,1980,n/a,1965
159,北山门口村志,n/a,n/a,n/a,n/a,1957,1976,1958,1956
160,逯家寨志,n/a,n/a,n/a,1975,1960,n/a,n/a,1965
161,鸡鸣村志,n/a,n/a,n/a,n/a,1972,n/a,n/a,n/a
162,丁达村志,n/a,n/a,n/a,n/a,1992,1985,n/a,n/a
164,八卦营村志,n/a,n/a,n/a,1993,1975,1987,1999,n/a
165,大畈村志,n/a,n/a,n/a,2000,1965,1986,1968,1968
166,赤土村志,n/a,n/a,n/a,1970,1959,n/a,n/a,n/a
167,南店村志,n/a,n/a,n/a,1982,1960,n/a,n/a,n/a
168,杨树林子村志,n/a,n/a,n/a,2002,n/a,n/a,n/a,n/a
169,永庆村志,n/a,n/a,n/a,n/a,n/a,n/a,1962,n/a
170,鲍家寨村志,n/a,n/a,n/a,1998,1959,1977,1956,1959
171,青林寺村志,n/a,n/a,n/a,n/a,1984,1999,n/a,1978
172,定平村志,n/a,n/a,n/a,n/a,1974,1982,1959,1957
173,果山村志,n/a,n/a,n/a,n/a,1980,1985,1950,1959
174,蔡宅村志,n/a,1992,n/a,n/a,1961,n/a,1955,1956
176,汪家塬村志,n/a,n/a,n/a,2015,1986,n/a,1960,1965
177,船房村志,n/a,n/a,n/a,1965,1966,n/a,1961,n/a
178,双街村志,1983,n/a,2014,n/a,n/a,n/a,n/a,n/a
179,木民村志,n/a,n/a,n/a,1978,1975,n/a,n/a,1966
180,红城村志,n/a,n/a,n/a,1959,n/a,1975,1956,1969
181,弼唐村志,n/a,n/a,n/a,n/a,1962,n/a,n/a,n/a
183,旧城村志,n/a,n/a,n/a,n/a,1971,n/a,n/a,n/a
185,镇海村志,n/a,n/a,n/a,n/a,n/a,1984,n/a,1967
186,白岩洞村志,2000,n/a,n/a,n/a,1977,1990,2000,n/a
187,百泉村志,n/a,n/a,n/a,1985,1962,n/a,n/a,n/a
188,调塾村志,n/a,n/a,n/a,n/a,1974,1978,n/a,n/a
189,苑口村志,n/a,n/a,n/a,n/a,1962,1971,n/a,n/a
190,范家店村志,n/a,n/a,n/a,1997,1964,n/a,1970,1968
191,塘尾村志,n/a,n/a,n/a,1995,1964,n/a,1957,n/a
192,三桥村志,n/a,n/a,n/a,n/a,1958,n/a,n/a,n/a
193,唐美村志,n/a,n/a,n/a,2000,n/a,n/a,n/a,n/a
194,界首村志,n/a,n/a,n/a,1986,1965,1982,1987,1964
196,吉镇村志,n/a,n/a,n/a,2003,1984,n/a,1956,n/a
197,贤友村志,n/a,n/a,n/a,1993,1963,1981,1996,n/a
198,徐家河村志,n/a,n/a,n/a,n/a,1991,n/a,1958,n/a
199,勤丰村志,n/a,n/a,n/a,1995,n/a,n/a,1958,1958
200,观音庙村史,n/a,n/a,n/a,1965,1959,n/a,n/a,1976
201,永联村志,n/a,n/a,n/a,1997,n/a,1978,1959,1965
203,石马峪村志,n/a,n/a,n/a,1970,1952,n/a,n/a,n/a
204,者湾村志,n/a,n/a,n/a,n/a,n/a,1984,n/a,1967
205,黄土村志,n/a,n/a,n/a,n/a,n/a,n/a,1958,1957
206,上关村志,n/a,n/a,n/a,1987,1967,n/a,n/a,n/a
207,兴堰村志,n/a,n/a,n/a,n/a,1968,n/a,1958,n/a
208,人民塘村志,n/a,n/a,n/a,1987,1966,n/a,n/a,1971
209,海东村志,n/a,n/a,n/a,1980,1965,1980,n/a,n/a
210,三街村志,n/a,n/a,n/a,n/a,n/a,1977,n/a,1965
211,山邑村志,n/a,n/a,n/a,1998,n/a,n/a,n/a,n/a
212,石坝村志,n/a,n/a,n/a,n/a,1970,n/a,n/a,1975
213,群安村志,n/a,n/a,n/a,n/a,1978,n/a,n/a,n/a
216,金陵村志,n/a,n/a,2010,n/a,n/a,n/a,n/a,n/a
217,瓦窑村志,n/a,n/a,n/a,n/a,n/a,1982,n/a,n/a
218,九星村志,1989,n/a,2005,1985,1962,n/a,1958,n/a
219,金凤村志,n/a,n/a,n/a,n/a,1974,n/a,n/a,n/a
220,董棕河村,n/a,n/a,n/a,2005,2007,n/a,n/a,n/a
221,南胜村志,n/a,n/a,n/a,1991,1960,n/a,n/a,1958
222,唐家岭村志,n/a,n/a,n/a,1973,1961,1962,1962,1964
223,水闸口村志,1997,n/a,n/a,n/a,n/a,n/a,n/a,n/a
224,柏崖厂村志,n/a,n/a,n/a,n/a,1964,n/a,n/a,n/a
226,天井村志,n/a,n/a,n/a,1992,n/a,n/a,n/a,n/a
228,环东村志,n/a,n/a,n/a,1998,n/a,n/a,n/a,1958
229,上马坊村志,n/a,n/a,n/a,n/a,1963,n/a,n/a,1973
230,果园村志,n/a,n/a,n/a,n/a,1967,n/a,n/a,n/a
231,众安村志,n/a,n/a,n/a,n/a,1967,n/a,n/a,1984
233,棠东村志,n/a,n/a,n/a,1961,n/a,n/a,n/a,n/a
234,小坑村志,n/a,n/a,n/a,1984,1965,n/a,n/a,n/a
235,勐廷村志,n/a,n/a,n/a,n/a,n/a,n/a,n/a,1973
236,榆林村志,n/a,n/a,n/a,1980,1964,1978,n/a,n/a
238,界龙村志,n/a,n/a,n/a,1988,1959,n/a,1958,n/a
239,北山村志,n/a,n/a,n/a,n/a,1969,n/a,n/a,n/a
241,龙爪树村志,n/a,n/a,n/a,1979,1961,1966,1961,1967
242,横浦村志,2000,n/a,n/a,n/a,1965,n/a,1958,1958
243,南韩继村志,n/a,n/a,n/a,n/a,n/a,n/a,1959,n/a
244,盐行村志,n/a,n/a,n/a,1992,1963,n/a,1955,n/a
245,上园村志,n/a,n/a,n/a,n/a,1951,n/a,n/a,n/a
246,卫通村志,1986,n/a,n/a,1984,n/a,n/a,1958,1958
247,亭北村志,1986,n/a,n/a,n/a,n/a,n/a,n/a,n/a
248,东夏园村志,n/a,n/a,n/a,1989,n/a,1976,1958,n/a
249,北桥村志,n/a,n/a,n/a,1986,1964,1977,n/a,1957
250,慧农村志,1985,n/a,n/a,1991,1960,n/a,n/a,1960
251,双河村志,n/a,n/a,n/a,1985,1966,1988,n/a,n/a
252,金鸡台村志,n/a,n/a,n/a,1983,1968,n/a,n/a,1968
253,崧泽村志,n/a,n/a,n/a,1993,1966,1975,n/a,1957
254,亭东村志,1990,n/a,n/a,1989,1966,n/a,n/a,n/a
255,民主村志,1985,n/a,n/a,1982,1963,n/a,1956,n/a
256,黄山店村志,n/a,n/a,n/a,1964,1964,n/a,n/a,1960
257,华一村志,1992,1997,n/a,1987,1961,n/a,1985,n/a
258,罗衙村志,n/a,n/a,n/a,1998,1964,n/a,n/a,n/a
260,钱桥村志,1984,n/a,n/a,1990,1960,1972,1956,1956
262,新维村志,n/a,n/a,n/a,1970,1961,n/a,n/a,n/a
263,东张口村志,n/a,n/a,n/a,n/a,1966,1979,1958,n/a
264,长安村志,n/a,n/a,n/a,1983,1964,1975,n/a,1978
265,磁山村志,n/a,n/a,n/a,1978,n/a,n/a,n/a,n/a
266,洞阳观村志,n/a,n/a,n/a,2008,1966,n/a,n/a,1966
267,晨钟村志,n/a,n/a,n/a,1973,n/a,n/a,n/a,n/a
268,北陈村志,n/a,n/a,n/a,1975,1969,1974,n/a,1958
269,南坑村志,n/a,n/a,n/a,n/a,1985,n/a,n/a,n/a
270,洞源村志,n/a,n/a,n/a,1983,1975,1979,1958,1953
271,东街村志,n/a,n/a,n/a,1987,1974,n/a,n/a,n/a
272,芙蓉村志,n/a,n/a,n/a,n/a,n/a,n/a,1958,n/a
273,超墘村志,n/a,n/a,n/a,1987,1971,n/a,n/a,n/a
275,高家村志,n/a,n/a,n/a,1990,n/a,n/a,n/a,n/a
276,大潘家村志,n/a,n/a,n/a,1993,n/a,n/a,n/a,n/a
277,东大寨村志,n/a,n/a,n/a,1999,1986,1978,1978,n/a
278,国际村志,n/a,n/a,n/a,n/a,n/a,n/a,n/a,1959
279,黑石头村志,n/a,n/a,n/a,n/a,1978,n/a,n/a,n/a
280,北寨张村志,n/a,n/a,n/a,1982,1960,n/a,n/a,n/a
281,碑登村志,n/a,n/a,n/a,1996,1959,1980,n/a,1972
282,何麻车村志,n/a,n/a,n/a,1989,1971,n/a,n/a,1962
283,固新村志,n/a,n/a,n/a,1985,1975,1984,n/a,n/a
285,土塘村志,n/a,n/a,n/a,n/a,1961,n/a,n/a,n/a
286,大井村志,n/a,n/a,n/a,1974,n/a,1975,n/a,n/a
287,东方村志,1990,n/a,n/a,1988,1965,n/a,1956,n/a
289,百胜村志,n/a,n/a,n/a,1984,1974,n/a,n/a,n/a
292,凡村村志,1990,n/a,n/a,1991,1966,n/a,1956,1969
293,碟子沟村志,n/a,n/a,n/a,n/a,1972,n/a,n/a,n/a
294,北沙坡村志,n/a,n/a,n/a,1970,1958,n/a,n/a,n/a
295,何家楼村志,n/a,n/a,n/a,1984,1969,1981,n/a,1957
296,大省村志,n/a,n/a,n/a,1984,n/a,1979,n/a,1971
297,册井村志,n/a,n/a,n/a,1991,1976,1979,n/a,n/a
298,葛富村志,n/a,n/a,n/a,2002,n/a,n/a,1972,1963
299,衙门村志,n/a,n/a,n/a,1981,n/a,n/a,n/a,n/a
300,斗门村志,n/a,n/a,n/a,n/a,n/a,1979,n/a,1958
301,长山村志,n/a,n/a,n/a,1987,n/a,n/a,n/a,n/a
302,南关村志,n/a,n/a,n/a,n/a,1964,1981,1957,1962
304,东岐村志,n/a,n/a,n/a,n/a,1966,1975,n/a,1958
305,港西村志,n/a,n/a,n/a,n/a,1970,n/a,n/a,1970
306,大英村志,n/a,n/a,n/a,n/a,1955,n/a,1952,1952
307,方家岙村志,n/a,n/a,n/a,n/a,1976,n/a,n/a,n/a
309,开弦弓村志,n/a,n/a,n/a,1994,1965,1977,n/a,1958
313,刘集村志,n/a,n/a,n/a,2001,1971,1980,n/a,1972
314,凌塘村志,n/a,n/a,1990,2006,1965,1975,n/a,n/a
315,花沟王村志,1990,n/a,2012,2007,1968,n/a,n/a,n/a
316,黄岗村志,n/a,n/a,n/a,1975,1962,1978,1960,1958
318,柳林屯村志,n/a,n/a,n/a,n/a,1977,n/a,n/a,n/a
319,花园关村志,n/a,n/a,n/a,n/a,1985,n/a,n/a,n/a
320,金沙村志,n/a,n/a,n/a,1994,1990,n/a,n/a,n/a
321,巨口铺村志,n/a,n/a,n/a,1979,1973,n/a,n/a,n/a
322,后楼村志,n/a,n/a,n/a,1978,n/a,1970,n/a,1960
323,荒里村志,n/a,n/a,n/a,1993,n/a,n/a,n/a,1976
324,大张营村志,n/a,n/a,n/a,n/a,1985,n/a,n/a,1969
325,河西村志,n/a,n/a,n/a,n/a,n/a,n/a,1963,n/a
326,江桃村志,n/a,n/a,n/a,1991,1961,1980,1953,1958
327,四台子村志,n/a,n/a,n/a,n/a,1961,n/a,n/a,n/a
329,后三羊头村志,n/a,n/a,n/a,1990,1967,n/a,n/a,1973
330,庙东村志,n/a,n/a,n/a,n/a,1961,1982,n/a,n/a
331,茅岗村志,n/a,n/a,n/a,n/a,n/a,n/a,1950,n/a
332,近江村志,n/a,n/a,n/a,n/a,n/a,1979,n/a,1956
333,柳树林村村志,n/a,n/a,2005,1978,n/a,n/a,n/a,n/a
334,灵岩村志,n/a,n/a,n/a,n/a,1958,n/a,1957,n/a
335,吉安城村志,n/a,n/a,n/a,1994,1976,1980,n/a,n/a
337,李巷村志,n/a,n/a,n/a,1992,1969,n/a,1958,1966
338,麻扎村志,n/a,n/a,n/a,1994,n/a,n/a,n/a,n/a
339,旧泉坊村志,n/a,n/a,n/a,n/a,n/a,1973,1960,1958
340,建河村志,n/a,n/a,n/a,1982,1962,1978,1958,1958
341,旧尉屯村志,n/a,n/a,n/a,n/a,n/a,1981,n/a,1964
343,梁官村志,n/a,n/a,n/a,1984,1961,1979,1958,1959
344,环湖村志,n/a,n/a,n/a,n/a,1976,n/a,n/a,1958
347,北甸西村志,n/a,n/a,n/a,1976,n/a,n/a,n/a,n/a
348,尖山下村志,n/a,n/a,n/a,n/a,1969,1980,n/a,1964
349,后蚂虹嘴村志,n/a,n/a,n/a,1986,1969,n/a,n/a,n/a
350,蒋家村志,n/a,n/a,n/a,1993,1986,n/a,n/a,1958
351,雷家崄村志,n/a,n/a,n/a,2005,1973,n/a,n/a,n/a
352,合兴村志,n/a,n/a,n/a,n/a,1970,1973,n/a,1958
353,西街志,n/a,n/a,n/a,1981,1960,1975,n/a,1958
354,花园岗村志,n/a,n/a,n/a,n/a,n/a,n/a,n/a,1965
355,孟石岗村志,n/a,n/a,n/a,n/a,1971,n/a,n/a,n/a
356,西水头村志,n/a,n/a,n/a,n/a,1963,n/a,n/a,n/a
357,义东沟村志,n/a,n/a,n/a,1970,1959,1978,n/a,n/a
358,丰盈村志,n/a,n/a,n/a,n/a,1966,n/a,1957,1965
359,新塘村志,n/a,n/a,n/a,2001,1958,n/a,1958,n/a
360,沙富村志,n/a,n/a,n/a,n/a,1964,n/a,n/a,n/a
361,黄洞村志,n/a,n/a,n/a,1999,1965,n/a,1953,n/a
362,元岗村志,n/a,n/a,n/a,1983,1957,1974,1958,n/a
363,黄村村志,n/a,n/a,n/a,1984,1957,n/a,1952,n/a
364,官井头村志,n/a,n/a,n/a,1984,1965,n/a,1958,1958
365,珠村村志,n/a,n/a,n/a,1984,1962,1977,n/a,1958
366,分将池村志,n/a,n/a,n/a,1977,1960,n/a,1958,n/a
367,白石厦村志,n/a,n/a,n/a,1979,1963,n/a,1956,n/a
368,油甘埔村志,n/a,n/a,n/a,1983,1965,1973,n/a,1958
369,尚介村志,n/a,n/a,2005,n/a,n/a,n/a,1960,n/a
370,关址村志,n/a,n/a,n/a,1998,1988,1978,1956,1956
371,南程村志,n/a,n/a,n/a,1987,n/a,1981,n/a,n/a
372,北洼村志,n/a,n/a,n/a,1987,n/a,1977,1958,1958
373,李袁村志,n/a,n/a,n/a,1981,n/a,n/a,n/a,n/a
374,李沟头村志,n/a,n/a,n/a,2001,n/a,n/a,1958,n/a
375,三勤村志,n/a,n/a,n/a,2007,1958,1980,1981,1958
376,林城村志,n/a,n/a,n/a,2003,1961,1971,1958,1961
377,横山村志,n/a,n/a,n/a,n/a,1958,1979,n/a,1958
378,马店村志,n/a,n/a,n/a,n/a,1965,1975,1957,1957
379,群丰村志,n/a,n/a,n/a,n/a,1958,n/a,n/a,n/a
381,马家疃村志,n/a,n/a,n/a,1982,1964,n/a,n/a,n/a
382,盘石村志,n/a,n/a,n/a,n/a,1982,1981,n/a,1968
383,清河村志,n/a,n/a,n/a,1958,1951,n/a,n/a,n/a
385,七一村志,n/a,n/a,n/a,1967,n/a,n/a,n/a,1967
386,乔家辿村志,n/a,n/a,n/a,1996,1988,n/a,n/a,n/a
387,南山村志,n/a,n/a,n/a,n/a,1967,n/a,n/a,n/a
389,乔李村志,n/a,n/a,2013,1985,1958,n/a,1969,n/a
390,秦霸岭村志,n/a,n/a,n/a,n/a,n/a,n/a,n/a,1969
391,卢家巷村志,n/a,n/a,n/a,n/a,1962,n/a,n/a,1964
392,沙河岸村志,n/a,n/a,n/a,2009,1960,1978,n/a,1977
393,北皋村志,n/a,n/a,n/a,1979,1961,n/a,n/a,n/a
394,庆丰村志,n/a,n/a,n/a,1985,1958,n/a,1954,n/a
396,毛俊村志,n/a,n/a,n/a,1994,1965,n/a,1956,n/a
398,南崖村志,n/a,n/a,n/a,n/a,1986,1987,n/a,1969
399,南湾村志,n/a,n/a,n/a,n/a,n/a,n/a,n/a,1956
400,马头溪村志,n/a,n/a,n/a,n/a,1968,n/a,n/a,n/a
401,南东坊村志,n/a,n/a,n/a,n/a,1962,n/a,n/a,1969
402,商相村志,n/a,n/a,n/a,n/a,1965,n/a,n/a,1963
405,南山村志,n/a,n/a,n/a,1992,n/a,n/a,n/a,n/a
406,李庄村志,n/a,n/a,n/a,n/a,1969,n/a,1989,1970
407,聂寨村志,n/a,n/a,n/a,1964,n/a,n/a,n/a,1981
408,龙门村志,n/a,n/a,n/a,1984,n/a,1976,n/a,n/a
409,桥塘村志,n/a,n/a,n/a,n/a,1957,1981,1956,1955
411,施厚村志,n/a,n/a,n/a,2009,1971,n/a,n/a,n/a
412,牛头镇村志,n/a,n/a,n/a,n/a,1969,n/a,1958,n/a
413,三寨村志,n/a,n/a,n/a,1998,1987,1985,n/a,1975
414,南坡湾村志,n/a,n/a,n/a,1970,1974,n/a,n/a,n/a
416,潘山村志,n/a,n/a,n/a,1992,1969,n/a,1962,1958
417,罗岗村志,n/a,n/a,n/a,2003,1963,n/a,n/a,n/a
418,平羌村志,n/a,n/a,n/a,1985,n/a,n/a,1956,n/a
419,南五里堡村志,n/a,n/a,n/a,1984,n/a,1967,1968,1959
420,荃步村志,n/a,n/a,n/a,1988,1967,n/a,1957,n/a
421,牛宅村志,n/a,n/a,n/a,1990,n/a,1975,n/a,1957
422,看丹村志,1981,n/a,n/a,1975,1958,1976,1964,1958
423,奶东村志,n/a,n/a,n/a,1978,1962,n/a,n/a,n/a
424,新集村志,n/a,n/a,n/a,1982,1962,n/a,n/a,n/a
427,宋京村志,n/a,n/a,n/a,2002,1970,n/a,1958,n/a
428,兴隆村志,n/a,n/a,n/a,1999,1975,1978,1958,1960
429,苏卢村志,n/a,n/a,n/a,1963,1963,1972,n/a,1964
430,石桥鲁道村志,n/a,n/a,n/a,1995,1973,n/a,n/a,n/a
431,水师营村志,n/a,n/a,n/a,1984,n/a,n/a,n/a,1971
432,申家村志,2014,n/a,n/a,2014,1982,1984,n/a,1960
433,吴家村志,n/a,n/a,n/a,2000,1980,n/a,n/a,1957
434,下栅村志,n/a,n/a,n/a,n/a,1962,1979,n/a,1957
435,土城子村志,n/a,n/a,n/a,1983,n/a,1979,1958,n/a
437,五坝村志,n/a,n/a,n/a,1996,1985,n/a,1958,n/a
438,湾底村志,n/a,n/a,n/a,1988,1966,1972,1968,n/a
439,史山村志,n/a,n/a,n/a,n/a,n/a,1984,n/a,1977
440,新房村志,n/a,n/a,n/a,2000,n/a,n/a,n/a,1958
441,土山寺村志,n/a,n/a,n/a,n/a,n/a,1983,n/a,1970
442,西沟村志,n/a,n/a,n/a,1991,n/a,n/a,1957,n/a
444,同心村志,n/a,n/a,n/a,1987,1975,n/a,n/a,1966
445,文岙村志,n/a,n/a,n/a,n/a,n/a,1984,1960,1958
446,王寮村志,n/a,n/a,n/a,1986,1970,1976,n/a,1958
447,水磨湾村志,n/a,n/a,n/a,1986,1978,n/a,n/a,n/a
448,铜井村志,n/a,n/a,n/a,1990,n/a,n/a,1960,1959
449,渭二村志,n/a,n/a,n/a,1956,1962,n/a,1959,n/a
450,古城营村志,n/a,n/a,n/a,n/a,1958,1972,1957,n/a
451,万丰村志,n/a,n/a,n/a,1983,1968,n/a,n/a,n/a
453,王道村志,n/a,n/a,n/a,1988,1978,1978,1956,1958
454,水集二村志,n/a,n/a,n/a,1994,n/a,n/a,n/a,1956
455,西关一村志,n/a,n/a,n/a,1984,n/a,n/a,1961,1963
456,唐林村志,n/a,n/a,n/a,n/a,1977,1977,1974,1969
457,太各庄村志,n/a,n/a,n/a,2004,1979,1985,n/a,n/a
458,鹿窝村志,n/a,n/a,n/a,n/a,1985,n/a,n/a,n/a
459,孙家小庄村志,n/a,n/a,n/a,1980,1973,n/a,1959,1959
460,大营村志,n/a,n/a,n/a,n/a,1963,1979,n/a,1956
461,马溪村志,n/a,n/a,n/a,1996,1959,n/a,n/a,n/a
462,棠下村志,n/a,n/a,n/a,1958,1959,n/a,n/a,n/a
463,小溪村志,n/a,n/a,n/a,2001,1975,n/a,n/a,1972
464,沈岙村志,n/a,n/a,n/a,1984,1958,n/a,n/a,n/a
465,象塘村志,n/a,n/a,n/a,1985,n/a,n/a,1958,1958
466,石鼓村志,n/a,n/a,n/a,1984,1964,n/a,n/a,n/a
467,中曹村志,n/a,n/a,n/a,1984,n/a,n/a,n/a,n/a
468,树掌村志,n/a,n/a,n/a,1996,1971,n/a,n/a,1967
471,义安村志,n/a,n/a,n/a,n/a,1961,n/a,1957,n/a
475,祝甸村志,1994,n/a,n/a,1984,1958,1972,n/a,n/a
476,园中村志,n/a,n/a,n/a,n/a,1957,1978,1957,1958
477,鱼山村志,n/a,n/a,n/a,n/a,1982,n/a,n/a,n/a
478,羊家冲村志,n/a,n/a,n/a,n/a,n/a,1984,1966,1973
479,营城子村志,n/a,n/a,n/a,2001,n/a,n/a,1959,n/a
480,新路村志,n/a,n/a,n/a,2004,1964,n/a,1958,n/a
481,玉岩村志,n/a,n/a,n/a,1986,1959,n/a,1992,1972
482,新建村志,n/a,n/a,n/a,1984,1963,n/a,1967,n/a
483,雄龙村志,n/a,n/a,n/a,2015,2016,n/a,n/a,n/a
484,薛家会村志,n/a,n/a,n/a,2000,1995,n/a,n/a,n/a
485,浔龙村志,n/a,n/a,n/a,2013,1978,1982,1958,n/a
486,西跃村志,n/a,n/a,n/a,1987,1968,n/a,n/a,n/a
487,堡上村志,n/a,n/a,n/a,1978,1962,n/a,n/a,n/a
488,西中黄村志,n/a,n/a,n/a,1993,1968,1980,1958,1964
489,杲村村志,n/a,n/a,n/a,1989,n/a,n/a,n/a,n/a
490,洋埭村志,n/a,n/a,n/a,1983,n/a,1977,n/a,n/a
492,油坊村志,n/a,n/a,n/a,1991,1962,1975,1974,1969
493,友好村志,n/a,n/a,n/a,2002,1982,n/a,n/a,n/a
494,枣牌刘村志,n/a,n/a,n/a,n/a,n/a,1980,n/a,1957
495,西齐永村志,n/a,n/a,n/a,n/a,1974,n/a,n/a,n/a
496,龙塘村志,n/a,n/a,n/a,1987,1966,n/a,n/a,1966
498,枣烟村志,n/a,n/a,n/a,2004,1971,1984,1953,1971
499,走马塘村志,n/a,n/a,n/a,n/a,1971,n/a,1962,n/a
500,西原村志,n/a,n/a,n/a,2011,1971,1974,1959,1959
501,元峰村志,n/a,n/a,n/a,1987,1973,n/a,n/a,1969
502,窑坡村志,n/a,n/a,n/a,n/a,1958,n/a,1956,1956
503,张家井村,n/a,n/a,n/a,1985,1960,1984,n/a,1961
504,南关村志,n/a,n/a,n/a,n/a,1957,n/a,n/a,n/a
505,新塘下村志,1990,n/a,n/a,2005,1970,1981,n/a,1958
506,竹尾田村志,n/a,n/a,n/a,1988,n/a,n/a,n/a,n/a
507,永丰村志,n/a,n/a,n/a,1984,1964,n/a,1956,1956
508,寨子村志,n/a,n/a,n/a,1993,1966,1982,1976,1968
509,新堰村志,n/a,n/a,n/a,1975,1970,n/a,1956,1958
511,西解甲庄村志,n/a,n/a,n/a,1990,1972,n/a,1978,n/a
512,薛肇村志,n/a,n/a,n/a,1982,n/a,n/a,n/a,n/a
513,洋澜村志,n/a,n/a,n/a,1994,1964,1985,n/a,1965
514,千秋村志,n/a,n/a,n/a,2005,1954,n/a,n/a,1960
516,诸葛村志,n/a,n/a,n/a,1990,1962,1975,1966,n/a
517,杨槐村志,n/a,n/a,n/a,n/a,1965,n/a,n/a,1956
519,清水村志,n/a,n/a,n/a,1994,1963,1977,1958,1957
520,盐厂新村志,n/a,n/a,n/a,1984,n/a,n/a,n/a,n/a
521,后溪村志,n/a,n/a,n/a,1987,n/a,n/a,n/a,1958
522,唐庄村志,n/a,n/a,n/a,2004,1966,n/a,1977,n/a
523,新生村志,n/a,n/a,n/a,1992,n/a,n/a,n/a,n/a
524,荷花村志,n/a,n/a,n/a,n/a,1981,1978,n/a,n/a
525,库勒村志,n/a,n/a,n/a,1996,1959,n/a,1960,n/a
527,关里村志,n/a,n/a,n/a,2004,n/a,n/a,1958,n/a
529,黄家门村志,n/a,n/a,n/a,2009,1965,n/a,n/a,n/a
530,上棒村志,n/a,n/a,n/a,n/a,1978,1988,n/a,1966
531,草陂村志,n/a,n/a,n/a,2005,1970,n/a,1958,n/a
532,兰英村志,n/a,n/a,n/a,2002,1978,n/a,n/a,n/a
533,老观村志,n/a,n/a,n/a,n/a,1978,n/a,n/a,n/a
534,黄里村志,n/a,n/a,n/a,n/a,1968,1984,n/a,1958
535,保冲村志,n/a,n/a,n/a,n/a,1974,1986,n/a,n/a
536,海河湾村志,n/a,n/a,n/a,1985,1959,n/a,n/a,n/a
538,魁胆村志,n/a,n/a,n/a,1980,1973,n/a,n/a,n/a
539,莲花村志,n/a,n/a,n/a,n/a,1960,n/a,n/a,1966
541,建设村志,n/a,n/a,n/a,n/a,1981,n/a,n/a,n/a
542,庙坪村志,n/a,n/a,n/a,n/a,1994,1994,n/a,n/a
543,小湾村志,n/a,n/a,n/a,1996,1965,n/a,n/a,1965
544,新堤村志,n/a,n/a,n/a,2013,1972,n/a,1969,n/a
545,刘庄村志,n/a,n/a,n/a,1994,1958,1968,1970,1958
546,王兰庄村志,n/a,n/a,n/a,n/a,1956,n/a,n/a,n/a
547,临江村志,n/a,n/a,2013,2015,1984,n/a,1997,1974
549,柳树垭村志,n/a,n/a,2014,n/a,1986,n/a,1998,n/a
551,双湖村志,n/a,n/a,n/a,n/a,1967,n/a,n/a,n/a
552,二龙村志,n/a,n/a,n/a,1997,1980,1983,n/a,1978
553,旧居村志,n/a,n/a,n/a,n/a,1979,n/a,1989,1980
554,左洼村志,n/a,n/a,n/a,n/a,1976,n/a,n/a,n/a
555,中石村志,n/a,n/a,n/a,n/a,1977,n/a,n/a,n/a
556,郑村志,n/a,n/a,n/a,2003,n/a,n/a,n/a,n/a
558,稠泉村志,n/a,n/a,n/a,n/a,n/a,n/a,1962,n/a
559,朱家港村志,n/a,n/a,n/a,2011,1973,1976,1953,1954
561,代州营村志,n/a,n/a,n/a,n/a,1958,n/a,n/a,n/a
562,北陶村志,n/a,n/a,n/a,n/a,n/a,n/a,n/a,1956
563,中桥村志,n/a,n/a,n/a,1996,n/a,n/a,1953,n/a
565,凌庄子村志,n/a,n/a,n/a,1957,1951,n/a,n/a,n/a
566,马郡村志,n/a,n/a,n/a,2002,1984,1984,1958,n/a
567,虎牙滩村志,n/a,n/a,n/a,1986,1975,1975,1958,1959
568,土艳村志,n/a,n/a,n/a,1983,n/a,n/a,n/a,n/a
569,方村志,n/a,n/a,n/a,1988,n/a,1984,n/a,1958
572,冯村志,n/a,n/a,n/a,1989,n/a,n/a,n/a,n/a
573,塘井村志,n/a,n/a,n/a,n/a,1987,n/a,n/a,n/a
574,白杨源志,n/a,n/a,n/a,1996,1983,n/a,1961,1958
575,邢泉村志,n/a,n/a,n/a,n/a,1976,1983,n/a,n/a
577,青羊岗土家族村志,n/a,n/a,n/a,n/a,1976,1970,1958,1957
578,三山村志,n/a,n/a,n/a,1979,1969,n/a,1969,1969
579,殷山村村志,n/a,n/a,n/a,2009,n/a,n/a,n/a,n/a
580,西南庄村志,n/a,n/a,n/a,1985,1961,n/a,n/a,n/a
581,瓦子坪村志,n/a,n/a,n/a,2015,1980,n/a,2000,n/a
582,岔河村志,n/a,n/a,n/a,n/a,n/a,1980,n/a,1969
583,三里亭村志,n/a,n/a,n/a,n/a,n/a,1983,n/a,1971
584,唐家坪村志,n/a,n/a,2012,2014,1991,n/a,1992,1989
586,膏田村志,n/a,n/a,n/a,n/a,1968,n/a,n/a,n/a
587,新屋咀村志,n/a,n/a,n/a,n/a,1983,n/a,n/a,n/a
588,石牌坊村志,n/a,n/a,n/a,n/a,1979,n/a,2002,1975
590,惠农村志,n/a,n/a,n/a,2013,n/a,n/a,n/a,n/a
591,大板桥村志,n/a,n/a,n/a,1986,n/a,n/a,n/a,1954
592,大坝村志,n/a,n/a,n/a,1982,1979,n/a,n/a,n/a
593,大波那村志,n/a,n/a,n/a,n/a,1965,n/a,n/a,n/a
594,天马村志,n/a,n/a,n/a,1981,1965,n/a,n/a,n/a
596,新河村志,n/a,n/a,n/a,1983,1965,n/a,1961,n/a
597,万沟村志,n/a,n/a,n/a,n/a,1972,n/a,n/a,n/a
598,四合村志,n/a,n/a,n/a,n/a,1981,1979,n/a,1966
599,石河村志,n/a,n/a,n/a,n/a,1981,n/a,n/a,1974
602,竹坪村志,n/a,n/a,n/a,n/a,1973,1986,n/a,n/a
603,竹山湾村志,n/a,n/a,n/a,2014,1975,1983,n/a,1971
604,石下村村志,n/a,n/a,n/a,2015,n/a,n/a,n/a,n/a
605,八角村志,n/a,n/a,n/a,n/a,1977,n/a,1956,n/a
606,北阁村志,n/a,n/a,n/a,1971,1965,n/a,n/a,1964
607,白杜村村志,n/a,n/a,n/a,2010,1985,n/a,n/a,n/a
608,大王村志,n/a,n/a,n/a,n/a,1958,n/a,1958,1970
609,长浜村志,1985,n/a,n/a,n/a,1960,1976,1957,n/a
610,大茫村志,1980,n/a,n/a,n/a,1965,n/a,1958,n/a
613,大星村志,n/a,n/a,n/a,1986,n/a,n/a,1955,1957
614,成日村志,n/a,n/a,n/a,1986,1970,n/a,n/a,1956
615,谙正村志,n/a,n/a,n/a,n/a,1972,1980,n/a,1956
616,安家皂村志,n/a,n/a,n/a,1992,1966,n/a,n/a,n/a
617,安昌村志,n/a,n/a,n/a,1985,1960,1971,n/a,n/a
618,崔堡村志,n/a,n/a,n/a,1992,1978,1979,1958,1958
619,仓场村志,1984,n/a,n/a,1978,1966,1976,n/a,1959
620,程墩村志,n/a,n/a,n/a,n/a,1970,n/a,1958,n/a
621,仁里村志,n/a,n/a,n/a,n/a,1975,1983,n/a,n/a
622,下岗村志,n/a,n/a,n/a,2013,1962,n/a,n/a,n/a
623,北车营村志,n/a,n/a,n/a,n/a,1961,1974,n/a,n/a
624,獐岛村志,n/a,n/a,n/a,2010,1955,n/a,n/a,n/a
625,邓一村志,n/a,n/a,n/a,1991,1968,n/a,n/a,1961
626,竹元村志,n/a,n/a,2011,n/a,1982,1984,n/a,1969
627,长春村志,n/a,n/a,n/a,n/a,1965,n/a,n/a,n/a
629,磅石村志,n/a,n/a,n/a,1994,1968,1985,n/a,n/a
631,溪尾村志,n/a,n/a,n/a,1964,1970,n/a,n/a,n/a
633,陈胡村志,n/a,n/a,n/a,1990,n/a,n/a,n/a,1959
634,上薛村志,n/a,n/a,n/a,n/a,1960,n/a,n/a,1960
636,南宵村志,n/a,n/a,n/a,n/a,1976,1985,n/a,1976
638,港中村志,n/a,n/a,n/a,n/a,1970,n/a,n/a,1959
639,阳山村志,n/a,n/a,n/a,1985,n/a,n/a,n/a,n/a
640,榜山村志,n/a,n/a,n/a,1985,1964,n/a,1966,n/a
641,保卫村志,1990,n/a,n/a,1992,1968,1970,1957,1959
642,后黄村志,n/a,n/a,n/a,1987,1971,n/a,n/a,n/a
643,北金召村志,n/a,n/a,n/a,1990,1963,n/a,n/a,1971
644,度城村志,n/a,n/a,n/a,1990,n/a,n/a,n/a,n/a
645,洞山村志,n/a,n/a,n/a,1993,n/a,n/a,n/a,n/a
647,可邑彝族村志,n/a,n/a,n/a,n/a,1974,1985,n/a,n/a
650,云溪永丰村志,n/a,n/a,n/a,1977,1965,n/a,n/a,n/a
651,周家村志,n/a,n/a,n/a,1982,1964,n/a,1961,n/a
652,小围埂村志,n/a,n/a,n/a,1999,1972,1978,1958,n/a
653,高镇村志,n/a,n/a,n/a,1994,1968,1979,1980,1956
655,海星村志,n/a,n/a,n/a,2005,1972,1978,1960,1956
656,北关村志,n/a,n/a,n/a,1983,1962,n/a,n/a,1969
658,义路村志,n/a,n/a,n/a,1985,n/a,n/a,1965,1965
659,邑等村志,n/a,n/a,n/a,n/a,1974,1977,n/a,n/a
660,羊甫村志,n/a,n/a,n/a,1973,1964,n/a,1965,n/a
663,边院村志,n/a,n/a,n/a,1993,1985,1981,1992,1963
664,北安河村志,n/a,n/a,n/a,n/a,n/a,1972,n/a,1964
665,佰王刘村志,n/a,n/a,n/a,n/a,1964,1983,n/a,n/a
666,可建村志,n/a,n/a,n/a,1993,1969,1981,1955,n/a
668,八仙庄村志,n/a,n/a,n/a,1980,1965,1974,n/a,n/a
671,顾家村志,n/a,n/a,n/a,n/a,1971,1984,n/a,1957
674,歌山村志,n/a,n/a,n/a,1983,1959,n/a,n/a,1955
677,北关村志,n/a,n/a,n/a,1989,1970,1978,n/a,1955
679,西王曲村志,n/a,n/a,n/a,n/a,1966,1985,n/a,1962
680,城北村志,n/a,n/a,n/a,1971,n/a,1971,n/a,n/a
681,白盆窑村志,n/a,n/a,n/a,n/a,1959,1975,n/a,1958
682,白和村志,n/a,n/a,n/a,n/a,1971,1979,1958,1958
683,杜家堡村志,n/a,n/a,n/a,1985,1957,n/a,n/a,n/a
684,杜山村志,n/a,n/a,2010,2002,1962,n/a,n/a,1957
685,花胡庄村志,n/a,n/a,n/a,2000,1970,n/a,n/a,1956
686,小蒲水村志,n/a,n/a,2012,1985,1962,1977,1956,n/a
687,杜羊圈村志,n/a,n/a,n/a,2006,1970,1978,1964,1965
689,北冯村志,n/a,n/a,n/a,1990,1968,1983,n/a,n/a
690,巴洲村志,n/a,n/a,n/a,1986,1965,1971,1956,1957
691,东马各庄村志,n/a,n/a,n/a,1979,n/a,1978,n/a,n/a
692,八间房村志,n/a,n/a,n/a,2010,1958,n/a,n/a,1955
693,北万山村志,n/a,n/a,n/a,1987,1963,n/a,1958,n/a
694,东岭村志,n/a,n/a,n/a,2009,1958,n/a,1970,n/a
695,东石村志,n/a,n/a,n/a,n/a,1962,n/a,1958,1965
696,北堆村志,n/a,n/a,n/a,1996,1963,1982,n/a,1961
697,白庙村志,n/a,n/a,n/a,1984,1962,1977,n/a,1958
698,涧东村志,n/a,n/a,n/a,1962,1962,1983,1957,1964
699,罗口村志,n/a,n/a,n/a,1983,n/a,n/a,1993,1969
700,古城村志,n/a,n/a,n/a,n/a,1968,n/a,n/a,1955
702,半峪村志,n/a,n/a,n/a,n/a,1973,n/a,n/a,n/a
703,东庄村志,n/a,n/a,n/a,1990,1962,n/a,1963,1958
704,贾岗村志,n/a,n/a,n/a,2004,1972,n/a,n/a,1956
705,曹家馆村志,n/a,n/a,n/a,1984,1965,n/a,n/a,1971
706,北龙口村志,n/a,n/a,n/a,1991,1960,n/a,1962,1957
707,古方村志,n/a,n/a,2006,2000,n/a,n/a,n/a,n/a
708,观山村志,n/a,n/a,n/a,2002,1974,n/a,1958,1958
709,工农村志,n/a,n/a,n/a,1997,1965,1980,1958,1959
710,国庆村志,n/a,n/a,n/a,n/a,1961,1977,n/a,1956
711,北陈庄村志,n/a,n/a,n/a,n/a,1962,n/a,n/a,1965
712,北庄村志,n/a,n/a,n/a,1998,n/a,n/a,n/a,1956
713,东二旗村志,n/a,n/a,n/a,1985,1962,1967,n/a,1958
714,黄山村志,n/a,n/a,n/a,1986,n/a,n/a,n/a,1956
715,北甸东村志,n/a,n/a,n/a,1976,n/a,n/a,n/a,n/a
716,[Bing]洲村志,n/a,n/a,n/a,2007,1980,n/a,n/a,n/a
719,蓝田村志,n/a,n/a,n/a,1986,1975,n/a,1949,n/a
721,温家川村志,n/a,n/a,n/a,1999,1979,n/a,n/a,1971
722,安仁村志,n/a,n/a,n/a,1984,1965,1977,1956,1958
723,查王村志,n/a,n/a,2006,2004,1965,1978,1958,1958
724,燃灯寺村志,n/a,n/a,n/a,n/a,1968,n/a,1959,1971
725,长岭村志,n/a,n/a,n/a,1987,1970,1979,n/a,1958
726,草山岭村志,n/a,n/a,2013,1986,1969,1982,n/a,n/a
728,安家庄村志,n/a,n/a,n/a,1976,1961,n/a,n/a,n/a
729,人民村志,1989,n/a,n/a,1982,n/a,n/a,n/a,n/a
730,五龙村志,1985,n/a,n/a,n/a,n/a,n/a,n/a,n/a
731,中角村志,n/a,n/a,n/a,1995,1986,1987,n/a,1965
733,森林村志,n/a,n/a,n/a,1992,1967,n/a,n/a,1959
734,白河村志,n/a,n/a,n/a,1993,1993,n/a,1978,n/a
735,凤凰村志,1986,n/a,n/a,1986,1971,n/a,1985,1966
736,北邵洼村志,1985,n/a,n/a,1978,1963,1970,1964,1963
738,北关村志,n/a,n/a,n/a,1987,1963,1982,n/a,1964
739,红星村志,n/a,n/a,n/a,1988,n/a,n/a,n/a,1956
740,民和村志,n/a,n/a,n/a,1985,1959,n/a,n/a,n/a
741,北方平村志,n/a,n/a,n/a,1983,1982,1975,n/a,n/a
742,文义村志,n/a,n/a,n/a,2009,1960,1978,n/a,n/a
743,北齐村志,n/a,n/a,n/a,1982,1960,1979,1959,1963
745,韩圩村志,n/a,n/a,n/a,2008,1983,n/a,1950,n/a
746,大陵村志,n/a,n/a,n/a,1996,n/a,n/a,n/a,n/a
747,北桑鲁村志,n/a,n/a,n/a,1991,1971,n/a,n/a,n/a
749,梨花村志,n/a,n/a,n/a,n/a,1961,n/a,n/a,n/a
750,金鸭村志,n/a,n/a,n/a,n/a,1986,n/a,1968,1968
751,江东村志,n/a,n/a,n/a,1992,1972,1990,n/a,1966
752,铁门村志,n/a,n/a,n/a,n/a,1988,n/a,1997,1997
753,黄柳村志,n/a,n/a,n/a,n/a,1978,n/a,1989,1972
754,乐乌村志,n/a,n/a,n/a,n/a,1968,1984,n/a,n/a
757,井溢村志,n/a,n/a,n/a,1999,1984,1984,1962,1957
758,王梁村志,n/a,n/a,n/a,n/a,1994,n/a,1964,n/a
759,王家村志,n/a,n/a,n/a,n/a,1958,n/a,n/a,1956
760,梁家河村志,n/a,n/a,n/a,1980,1968,n/a,n/a,1968
763,新卫村志,n/a,n/a,n/a,n/a,1967,n/a,n/a,1960
764,小圩村志,n/a,n/a,n/a,n/a,n/a,n/a,n/a,1956
765,贺北村志,n/a,n/a,2004,2001,n/a,n/a,1962,1973
766,横沟村志,n/a,n/a,n/a,2007,1975,n/a,n/a,1970
767,群楼村志,n/a,n/a,n/a,1984,1967,n/a,1958,1967
768,温河村志,n/a,n/a,n/a,1991,1964,1974,1996,1956
769,桑园村志,1984,n/a,n/a,1986,1961,1959,1958,1959
770,长命水村志,n/a,n/a,n/a,1983,1964,1976,1958,1958
771,长湴村志,n/a,n/a,n/a,1984,1956,n/a,1959,n/a
772,新塘村志,1988,n/a,n/a,1991,1970,n/a,n/a,1956
773,富达畲村志,n/a,n/a,n/a,n/a,1973,n/a,1958,1958
774,北年丰村志,n/a,n/a,n/a,n/a,1962,1974,1958,1965
775,崔各庄村志,n/a,n/a,n/a,n/a,1960,1975,n/a,n/a
776,城西吕家村志,1984,n/a,n/a,1994,1965,1981,1959,1958
777,城里村志,n/a,n/a,2008,n/a,1965,n/a,n/a,1957
778,马镇村志,n/a,n/a,n/a,1990,1972,1983,n/a,n/a
779,岑村村志,n/a,n/a,n/a,1992,1957,n/a,1958,1957
780,北谷丰村志,n/a,n/a,n/a,1980,1959,n/a,n/a,1958
781,曹口村志,n/a,n/a,n/a,2008,n/a,n/a,n/a,1969
782,车家下庄村志,n/a,n/a,n/a,1997,1958,n/a,1959,1959
783,城北村志,n/a,n/a,n/a,n/a,1973,1979,n/a,n/a
785,北坡村志,n/a,n/a,n/a,n/a,1969,n/a,1955,n/a
786,双生村志,n/a,n/a,n/a,1993,1985,n/a,1978,n/a
787,路口村志,n/a,n/a,n/a,n/a,1960,n/a,n/a,n/a
788,茶塘村志,n/a,n/a,n/a,2004,1964,1974,1952,n/a
789,东埔村志,1991,n/a,n/a,n/a,n/a,n/a,n/a,n/a
790,新盛村志,n/a,n/a,n/a,1986,1965,1983,1958,1956
791,鞍山村志,n/a,n/a,n/a,1988,1953,n/a,n/a,n/a
792,北固碾村志,n/a,n/a,n/a,1984,n/a,n/a,n/a,n/a
793,曹各庄村志,n/a,n/a,n/a,1967,1960,n/a,n/a,n/a
794,北马房村志,n/a,n/a,n/a,1978,1964,1977,1984,1956
795,西小营村志,n/a,n/a,n/a,1974,1958,1979,1958,1958
797,东小景村志,n/a,n/a,n/a,n/a,1967,1979,1960,n/a
798,旧飞鹅村村志,n/a,n/a,n/a,1991,n/a,1976,1967,n/a
799,门头村志,n/a,n/a,n/a,1978,1956,1976,n/a,1958
800,水朗村志,n/a,n/a,n/a,n/a,1965,1974,n/a,1957
802,北平村志,n/a,n/a,n/a,1996,1974,n/a,n/a,1964
803,北七家庄村志,n/a,n/a,n/a,1986,n/a,1974,n/a,1958
804,北岭头村志,n/a,n/a,n/a,1990,n/a,n/a,n/a,n/a
805,北台上村志,n/a,n/a,n/a,n/a,1963,n/a,n/a,n/a
807,水库村志,n/a,n/a,n/a,1992,1965,n/a,n/a,n/a
808,阮巷村志,1992,n/a,n/a,1994,1962,n/a,n/a,1968
809,沙坪寺村志,n/a,n/a,n/a,1997,1992,n/a,n/a,n/a
810,讲武殿村志,n/a,n/a,n/a,1997,1957,n/a,n/a,n/a
811,党家庄村志,n/a,n/a,n/a,n/a,1960,n/a,n/a,1966
812,沙坝村志,n/a,n/a,n/a,1984,1965,n/a,1970,n/a
813,八方村志,n/a,n/a,n/a,2007,1976,n/a,n/a,n/a
814,鳌头村志,n/a,n/a,n/a,2011,1980,1983,n/a,n/a
815,龙泉村志,n/a,n/a,n/a,1995,n/a,n/a,n/a,1964
816,土堆村志,n/a,n/a,n/a,1977,n/a,n/a,n/a,n/a
819,北胡庄村志,n/a,n/a,n/a,2009,1960,1976,1956,1965
820,白洋村志,n/a,n/a,n/a,1990,n/a,n/a,n/a,1959
821,慈峪村志,n/a,n/a,n/a,n/a,1963,n/a,n/a,n/a
822,东白仓村志,n/a,n/a,n/a,1984,n/a,n/a,n/a,n/a
823,福永村志,n/a,n/a,n/a,n/a,1965,n/a,1956,n/a
824,东八村村志,n/a,n/a,n/a,1982,n/a,n/a,n/a,n/a
826,东皇墓村志,n/a,n/a,n/a,1985,1966,n/a,n/a,n/a
827,营前村志,n/a,n/a,n/a,n/a,1958,n/a,n/a,1959
828,大谈村志,n/a,n/a,n/a,n/a,1960,1968,n/a,1967
829,鸡翅岭村志,n/a,n/a,n/a,1996,1964,1974,1961,1969
831,沿南村志,n/a,n/a,n/a,n/a,1968,n/a,n/a,1957
832,白坟村志,n/a,n/a,n/a,2011,1965,n/a,1958,n/a
833,营房村志,n/a,n/a,n/a,1979,n/a,n/a,n/a,1958
834,张桥村志,1985,n/a,n/a,n/a,1965,1974,n/a,1963
835,岸上村志,n/a,n/a,n/a,1985,1969,n/a,1959,1968
836,枫深村志,n/a,n/a,n/a,1996,1976,n/a,n/a,n/a
839,赤水垟志,n/a,n/a,n/a,n/a,n/a,n/a,n/a,1954
840,侨乡村志,n/a,n/a,n/a,2000,1964,n/a,n/a,n/a
841,北薛庄村志,n/a,n/a,n/a,1957,1961,n/a,n/a,n/a
843,蔡和村志,n/a,n/a,n/a,n/a,1965,1987,n/a,1956
845,峒峪村志,n/a,n/a,n/a,n/a,1979,n/a,n/a,n/a
846,葭芦都三甲李氏村志,n/a,n/a,n/a,n/a,n/a,n/a,n/a,1970
847,牛薛沟村志,n/a,n/a,n/a,2008,1988,1986,n/a,1970
848,邓村村志,n/a,n/a,n/a,1982,1966,n/a,1957,1957
849,碧龙村志,n/a,n/a,n/a,1995,1992,1995,1958,1958
850,永联村志,n/a,n/a,n/a,1986,1967,n/a,1958,n/a
851,北焦村志,n/a,n/a,n/a,1974,n/a,n/a,n/a,1970
852,北海山村志,n/a,n/a,n/a,n/a,1958,1980,1958,n/a
853,坂田村志,n/a,n/a,n/a,1983,1973,1978,1957,1955
854,塘头村志,n/a,n/a,n/a,n/a,1962,n/a,n/a,n/a
855,梨川村志,n/a,n/a,n/a,1969,1964,n/a,1962,n/a
856,南皋村志,n/a,n/a,n/a,1966,1962,1975,n/a,1957
857,下邽志村志,n/a,n/a,n/a,2007,1975,1975,1966,1966
858,安善坊村志,n/a,n/a,n/a,1999,1958,1983,1960,n/a
860,二十里铺村志,n/a,n/a,n/a,n/a,1964,n/a,n/a,n/a
861,东山村志,n/a,n/a,n/a,2001,1969,n/a,n/a,1965
862,王官屯村志,n/a,n/a,n/a,1970,n/a,n/a,n/a,n/a
863,戴湾村志,n/a,n/a,n/a,n/a,1984,n/a,1956,1975
864,柳子圪旦村志,n/a,n/a,n/a,2011,1986,2008,n/a,n/a
865,理家庄村志,n/a,n/a,n/a,n/a,1970,1972,1957,1962
866,小车村志,1989,n/a,n/a,1983,1957,n/a,n/a,n/a
867,同阁村志,n/a,n/a,n/a,1981,1961,1976,n/a,n/a
868,上柳源村志,n/a,n/a,n/a,2008,1961,n/a,1958,n/a
869,库城村志,n/a,n/a,n/a,1977,1972,1973,1957,1958
870,崔家沟村志,n/a,n/a,n/a,1956,n/a,n/a,n/a,n/a
871,堆谷山村志,n/a,n/a,n/a,n/a,n/a,1983,n/a,n/a
872,三房巷村志,n/a,n/a,2013,1997,n/a,n/a,1958,n/a
873,余川村志,n/a,n/a,n/a,1997,n/a,n/a,1958,n/a
874,大打白狐村志,n/a,n/a,n/a,1982,1958,n/a,1958,n/a
875,海口里仁村志,n/a,n/a,n/a,1988,1955,n/a,n/a,n/a
876,永清村志,n/a,n/a,n/a,1982,1968,n/a,n/a,n/a
877,杨沟湾村志,n/a,n/a,n/a,1976,1967,1975,n/a,1958
878,姜湾村志,n/a,n/a,n/a,1990,1964,1987,n/a,n/a
879,恬庄村志,1985,n/a,n/a,1985,1972,n/a,1963,1966
880,新海坝村志,1998,n/a,2010,1994,1982,n/a,n/a,1963
881,后山村志,n/a,n/a,n/a,1983,1992,n/a,n/a,1956
883,栗子坪村志,n/a,n/a,n/a,n/a,1972,n/a,1956,1967
884,栗林河村志,n/a,n/a,n/a,n/a,1977,n/a,1958,1958
885,歙县三阳村志,n/a,n/a,n/a,1992,1990,n/a,n/a,n/a
886,大峡谷村志,n/a,n/a,n/a,2010,1971,n/a,1961,n/a
887,胡家坟村志,n/a,n/a,n/a,1984,1968,1969,n/a,1956
889,杓袁村志,n/a,n/a,n/a,2006,1959,n/a,n/a,n/a
890,西河村志,n/a,n/a,n/a,n/a,1965,1978,n/a,1958
891,昝村志,n/a,n/a,n/a,1997,1964,1974,1959,1956
892,良陌村志,n/a,n/a,n/a,1979,1973,1978,1962,1963
893,东桃村志,n/a,n/a,n/a,1986,1968,n/a,n/a,1958
894,小㘵村志,n/a,n/a,n/a,1996,1956,n/a,n/a,1967
895,祝陵村志,1985,n/a,n/a,n/a,1964,n/a,n/a,1958
896,西九水村志,n/a,n/a,n/a,1992,1970,n/a,1956,n/a
897,高拱桥村志,n/a,n/a,n/a,n/a,n/a,n/a,n/a,1956
898,大白登村志,n/a,n/a,n/a,1986,n/a,1977,n/a,1956
899,放羊坪村志,n/a,n/a,n/a,2005,1956,1983,1962,1962
900,欧桥村志,1986,n/a,n/a,1982,n/a,n/a,n/a,n/a
901,钱家山村志,n/a,n/a,n/a,1991,1977,n/a,n/a,n/a
902,陈家墕村志,n/a,n/a,n/a,1997,1987,1987,n/a,n/a
903,木头峪村志,n/a,n/a,n/a,n/a,1984,n/a,1958,n/a
904,大胜村志,n/a,n/a,n/a,n/a,1984,1985,n/a,1952
905,西上庄村志,n/a,n/a,n/a,n/a,1970,1979,1958,1958
906,龙泉村志,n/a,n/a,n/a,n/a,1964,n/a,n/a,n/a
908,黄岭村志,n/a,n/a,n/a,n/a,1977,n/a,1957,1957
909,西水磨村志,n/a,n/a,n/a,1982,1975,1975,n/a,1958
911,张家塔村志,n/a,n/a,n/a,n/a,1979,n/a,n/a,1968
912,渡桥村志,n/a,n/a,n/a,1983,1958,1979,n/a,n/a
913,西台村志,n/a,n/a,n/a,n/a,1969,n/a,n/a,n/a
914,吴兴村志,n/a,n/a,n/a,1978,1962,1976,1960,1962
915,桃王庄村志,n/a,n/a,n/a,1994,1969,1973,1958,1969
917,安乐村志,1985,n/a,n/a,1988,n/a,n/a,n/a,n/a
919,劳动村志,n/a,n/a,n/a,n/a,1964,n/a,n/a,n/a
920,和平村志,n/a,n/a,n/a,1982,1967,2000,n/a,1962
921,桂南村志,n/a,n/a,n/a,1984,1958,n/a,n/a,n/a
922,建农村志,n/a,n/a,n/a,1991,1968,n/a,n/a,1959
923,王安堡村志,n/a,n/a,n/a,2003,1965,n/a,n/a,1965
925,上官村志,n/a,n/a,n/a,2014,1958,n/a,n/a,n/a
926,东六合村志,n/a,n/a,n/a,2005,1988,1988,n/a,n/a
927,光明村志,n/a,n/a,n/a,1991,n/a,n/a,n/a,n/a
929,赵村村志,n/a,n/a,n/a,1986,n/a,1978,1960,n/a
930,兴朱村志,n/a,n/a,n/a,n/a,1983,1982,1992,1957
931,小许庄村志,n/a,n/a,n/a,1987,1972,n/a,n/a,n/a
932,邢庄村志,n/a,n/a,n/a,2010,1984,1985,1997,1970
933,无为庄村志,n/a,n/a,n/a,1983,1962,n/a,n/a,1969
934,微水村志,1990,n/a,n/a,1975,1944,n/a,1959,n/a
935,拦车村志,n/a,n/a,n/a,2001,1969,1977,1957,n/a
936,蒋庄村志,n/a,n/a,n/a,1995,1964,1976,1958,n/a
937,赤社村志,n/a,n/a,n/a,1985,1964,n/a,n/a,1969
938,交丙坛村志,n/a,n/a,n/a,1994,1965,n/a,1957,n/a
939,邢寨村志,n/a,n/a,n/a,1994,n/a,n/a,1958,1958
940,西林西村志,n/a,n/a,n/a,1990,n/a,n/a,1956,1962
941,金红村志,n/a,n/a,n/a,n/a,n/a,n/a,n/a,1958
942,西古现村志,n/a,n/a,n/a,n/a,n/a,1981,n/a,1957
943,崔家庄村志,n/a,n/a,n/a,1991,1962,1976,n/a,1959
944,聪子峪村志,n/a,n/a,n/a,1989,1958,1981,n/a,n/a
945,大北村志,n/a,n/a,n/a,n/a,1958,n/a,n/a,n/a
946,金建村志,n/a,n/a,n/a,1984,1960,n/a,n/a,n/a
947,大望京村志,n/a,n/a,n/a,1976,1959,n/a,n/a,n/a
949,西王村志,n/a,n/a,n/a,1990,1971,1975,1961,1960
950,西马村志,n/a,n/a,n/a,1986,1964,1984,1958,1971
951,两坂村志,n/a,n/a,n/a,n/a,1971,n/a,n/a,1958
952,李堡村志,n/a,n/a,n/a,1989,n/a,n/a,n/a,n/a
953,后郭村志,n/a,n/a,n/a,n/a,n/a,n/a,n/a,1956
954,辛庄村志,n/a,n/a,n/a,1982,1960,1976,n/a,n/a
955,和平村志,n/a,n/a,n/a,1962,1961,1966,1956,n/a
957,城东村志,n/a,n/a,n/a,1971,1961,1979,1957,n/a
958,城内村志,n/a,n/a,n/a,1982,1956,1975,1953,1964
959,潢涌村志,n/a,n/a,n/a,1983,n/a,1968,1952,n/a
960,环山村志,n/a,n/a,n/a,2003,1967,n/a,1952,n/a
961,西董铺村志,n/a,n/a,n/a,1977,1960,1970,1959,1972
962,冼村村志,n/a,n/a,n/a,1972,1947,1976,1956,1956
963,楚寨村志,n/a,n/a,n/a,2014,1965,1975,n/a,1958
964,鱼河湾村志,n/a,n/a,n/a,1988,1988,n/a,1959,1966
966,酒务村志,n/a,n/a,n/a,n/a,1968,1978,n/a,1958
967,卜居头村志,n/a,n/a,n/a,1995,1964,n/a,1957,n/a
968,保宁村志,n/a,n/a,n/a,n/a,1985,n/a,n/a,n/a
969,南窑头村,n/a,n/a,n/a,1989,1956,1996,n/a,n/a
970,涧塘村志,n/a,n/a,n/a,2007,n/a,n/a,1989,1957
971,朱麻硷村志,n/a,n/a,n/a,n/a,1979,n/a,n/a,n/a
972,李街村志,n/a,n/a,n/a,n/a,n/a,1983,1956,1956
974,箭泾村志,n/a,n/a,n/a,1997,1965,n/a,n/a,n/a
975,崔庄村志,n/a,n/a,n/a,1994,1962,n/a,n/a,1956
976,陈堡村志,n/a,n/a,n/a,2005,1958,n/a,n/a,n/a
977,郑各庄村志,n/a,n/a,n/a,1985,1958,1977,1958,1958
978,驼房营村志,n/a,n/a,n/a,n/a,1960,n/a,n/a,1958
979,四合庄村志,n/a,n/a,n/a,1976,n/a,n/a,n/a,n/a
980,卢沟桥村志,n/a,n/a,n/a,2004,n/a,n/a,n/a,1958
981,广川街村志,n/a,n/a,n/a,n/a,1976,1974,n/a,n/a
982,车厂村志,n/a,n/a,n/a,n/a,n/a,1965,1957,n/a
983,兴复村志,n/a,n/a,n/a,n/a,1958,n/a,n/a,n/a
986,大楚留村志,n/a,n/a,n/a,n/a,1975,n/a,n/a,1957
987,华新村志,n/a,n/a,n/a,1987,1958,n/a,n/a,n/a
988,老道井村志,n/a,n/a,n/a,1981,1964,n/a,1975,n/a
989,新新村志,n/a,n/a,n/a,1991,1968,n/a,1957,n/a
990,城子村志,n/a,n/a,n/a,1956,1946,n/a,n/a,n/a
991,花园村志,n/a,n/a,n/a,1983,1975,1976,n/a,1967
992,故城村志,n/a,n/a,n/a,n/a,n/a,n/a,1995,n/a
993,都康村志,n/a,n/a,n/a,1996,1969,n/a,n/a,n/a
994,廖家林村志,n/a,n/a,n/a,2013,1981,n/a,1962,n/a
995,关虎屯村志,1989,n/a,2000,1982,1959,n/a,n/a,n/a
996,江姐村志,n/a,n/a,2013,2013,n/a,n/a,n/a,n/a
997,葛寨村志,n/a,n/a,n/a,2008,n/a,1978,n/a,1968
998,崔家村志,n/a,n/a,n/a,1993,1978,n/a,n/a,n/a
999,篁墩村志,n/a,n/a,n/a,n/a,n/a,n/a,1956,1958
1000,兰寨村志,n/a,n/a,n/a,1985,1958,n/a,n/a,n/a
